id,category,title,detail_url,caption,page_1,page_2,page_3,page_4,page_5
mechanism-diagram-001,Mechanisms & Pathways,CRISPR-Cas9 Gene Editing Mechanism,https://figpad.ai/scientific-visualization/crispr-cas9-gene-editing,A pathway figure generated from one structured prompt. FigPad helps turn scientific ideas into editable figures with SVG/PPTX export. Comment 'prompt' if you want the link and exact prompt.,/Users/kk/Desktop/auto video/figpad_gallery_carousels/posts/mechanism-diagram/001-crispr-cas9-gene-editing-mechanism/01_cover.png,/Users/kk/Desktop/auto video/figpad_gallery_carousels/posts/mechanism-diagram/001-crispr-cas9-gene-editing-mechanism/02_prompt.png,/Users/kk/Desktop/auto video/figpad_gallery_carousels/posts/mechanism-diagram/001-crispr-cas9-gene-editing-mechanism/03_feature.png,/Users/kk/Desktop/auto video/figpad_gallery_carousels/posts/mechanism-diagram/001-crispr-cas9-gene-editing-mechanism/04_feature.png,/Users/kk/Desktop/auto video/figpad_gallery_carousels/posts/mechanism-diagram/001-crispr-cas9-gene-editing-mechanism/05_cta.png
mechanism-diagram-002,Mechanisms & Pathways,Intrinsic And Extrinsic Apoptosis Pathways In Parallel,https://figpad.ai/scientific-visualization/intrinsic-extrinsic-apoptosis-pathways,A pathway figure generated from one structured prompt. FigPad helps turn scientific ideas into editable figures with SVG/PPTX export. Comment 'prompt' if you want the link and exact prompt.,/Users/kk/Desktop/auto video/figpad_gallery_carousels/posts/mechanism-diagram/002-intrinsic-and-extrinsic-apoptosis-pathways-in-parallel/01_cover.png,/Users/kk/Desktop/auto video/figpad_gallery_carousels/posts/mechanism-diagram/002-intrinsic-and-extrinsic-apoptosis-pathways-in-parallel/02_prompt.png,/Users/kk/Desktop/auto video/figpad_gallery_carousels/posts/mechanism-diagram/002-intrinsic-and-extrinsic-apoptosis-pathways-in-parallel/03_feature.png,/Users/kk/Desktop/auto video/figpad_gallery_carousels/posts/mechanism-diagram/002-intrinsic-and-extrinsic-apoptosis-pathways-in-parallel/04_feature.png,/Users/kk/Desktop/auto video/figpad_gallery_carousels/posts/mechanism-diagram/002-intrinsic-and-extrinsic-apoptosis-pathways-in-parallel/05_cta.png
mechanism-diagram-003,Mechanisms & Pathways,JAK-STAT Signaling Pathway,https://figpad.ai/scientific-visualization/jak-stat-signaling-pathway,A pathway figure generated from one structured prompt. FigPad helps turn scientific ideas into editable figures with SVG/PPTX export. Comment 'prompt' if you want the link and exact prompt.,/Users/kk/Desktop/auto video/figpad_gallery_carousels/posts/mechanism-diagram/003-jak-stat-signaling-pathway/01_cover.png,/Users/kk/Desktop/auto video/figpad_gallery_carousels/posts/mechanism-diagram/003-jak-stat-signaling-pathway/02_prompt.png,/Users/kk/Desktop/auto video/figpad_gallery_carousels/posts/mechanism-diagram/003-jak-stat-signaling-pathway/03_feature.png,/Users/kk/Desktop/auto video/figpad_gallery_carousels/posts/mechanism-diagram/003-jak-stat-signaling-pathway/04_feature.png,/Users/kk/Desktop/auto video/figpad_gallery_carousels/posts/mechanism-diagram/003-jak-stat-signaling-pathway/05_cta.png
mechanism-diagram-004,Mechanisms & Pathways,Notch Signaling Pathway,https://figpad.ai/scientific-visualization/notch-signaling-pathway,A pathway figure generated from one structured prompt. FigPad helps turn scientific ideas into editable figures with SVG/PPTX export. Comment 'prompt' if you want the link and exact prompt.,/Users/kk/Desktop/auto video/figpad_gallery_carousels/posts/mechanism-diagram/004-notch-signaling-pathway/01_cover.png,/Users/kk/Desktop/auto video/figpad_gallery_carousels/posts/mechanism-diagram/004-notch-signaling-pathway/02_prompt.png,/Users/kk/Desktop/auto video/figpad_gallery_carousels/posts/mechanism-diagram/004-notch-signaling-pathway/03_feature.png,/Users/kk/Desktop/auto video/figpad_gallery_carousels/posts/mechanism-diagram/004-notch-signaling-pathway/04_feature.png,/Users/kk/Desktop/auto video/figpad_gallery_carousels/posts/mechanism-diagram/004-notch-signaling-pathway/05_cta.png
mechanism-diagram-005,Mechanisms & Pathways,TGF-β/SMAD Signaling Pathway,https://figpad.ai/scientific-visualization/tgf-smad-signaling-pathway,A pathway figure generated from one structured prompt. FigPad helps turn scientific ideas into editable figures with SVG/PPTX export. Comment 'prompt' if you want the link and exact prompt.,/Users/kk/Desktop/auto video/figpad_gallery_carousels/posts/mechanism-diagram/005-tgf-smad-signaling-pathway/01_cover.png,/Users/kk/Desktop/auto video/figpad_gallery_carousels/posts/mechanism-diagram/005-tgf-smad-signaling-pathway/02_prompt.png,/Users/kk/Desktop/auto video/figpad_gallery_carousels/posts/mechanism-diagram/005-tgf-smad-signaling-pathway/03_feature.png,/Users/kk/Desktop/auto video/figpad_gallery_carousels/posts/mechanism-diagram/005-tgf-smad-signaling-pathway/04_feature.png,/Users/kk/Desktop/auto video/figpad_gallery_carousels/posts/mechanism-diagram/005-tgf-smad-signaling-pathway/05_cta.png
mechanism-diagram-006,Mechanisms & Pathways,PI3K-AKT-mTOR Signaling Axis In Cancer Cell Survival,https://figpad.ai/scientific-visualization/pi3k-akt-mtor-signaling-clean-vector,A pathway figure generated from one structured prompt. FigPad helps turn scientific ideas into editable figures with SVG/PPTX export. Comment 'prompt' if you want the link and exact prompt.,/Users/kk/Desktop/auto video/figpad_gallery_carousels/posts/mechanism-diagram/006-pi3k-akt-mtor-signaling-axis-in-cancer-cell-survival/01_cover.png,/Users/kk/Desktop/auto video/figpad_gallery_carousels/posts/mechanism-diagram/006-pi3k-akt-mtor-signaling-axis-in-cancer-cell-survival/02_prompt.png,/Users/kk/Desktop/auto video/figpad_gallery_carousels/posts/mechanism-diagram/006-pi3k-akt-mtor-signaling-axis-in-cancer-cell-survival/03_feature.png,/Users/kk/Desktop/auto video/figpad_gallery_carousels/posts/mechanism-diagram/006-pi3k-akt-mtor-signaling-axis-in-cancer-cell-survival/04_feature.png,/Users/kk/Desktop/auto video/figpad_gallery_carousels/posts/mechanism-diagram/006-pi3k-akt-mtor-signaling-axis-in-cancer-cell-survival/05_cta.png
mechanism-diagram-007,Mechanisms & Pathways,NF-kB Inflammatory Activation Cascade In Macrophages,https://figpad.ai/scientific-visualization/nf-kb-inflammatory-activation-schematic-minimal,A pathway figure generated from one structured prompt. FigPad helps turn scientific ideas into editable figures with SVG/PPTX export. Comment 'prompt' if you want the link and exact prompt.,/Users/kk/Desktop/auto video/figpad_gallery_carousels/posts/mechanism-diagram/007-nf-kb-inflammatory-activation-cascade-in-macrophages/01_cover.png,/Users/kk/Desktop/auto video/figpad_gallery_carousels/posts/mechanism-diagram/007-nf-kb-inflammatory-activation-cascade-in-macrophages/02_prompt.png,/Users/kk/Desktop/auto video/figpad_gallery_carousels/posts/mechanism-diagram/007-nf-kb-inflammatory-activation-cascade-in-macrophages/03_feature.png,/Users/kk/Desktop/auto video/figpad_gallery_carousels/posts/mechanism-diagram/007-nf-kb-inflammatory-activation-cascade-in-macrophages/04_feature.png,/Users/kk/Desktop/auto video/figpad_gallery_carousels/posts/mechanism-diagram/007-nf-kb-inflammatory-activation-cascade-in-macrophages/05_cta.png
mechanism-diagram-008,Mechanisms & Pathways,DNA Damage Sensing And Checkpoint Activation By ATM-ATR,https://figpad.ai/scientific-visualization/dna-damage-sensing-checkpoint-isometric-technical,A pathway figure generated from one structured prompt. FigPad helps turn scientific ideas into editable figures with SVG/PPTX export. Comment 'prompt' if you want the link and exact prompt.,/Users/kk/Desktop/auto video/figpad_gallery_carousels/posts/mechanism-diagram/008-dna-damage-sensing-and-checkpoint-activation-by-atm-atr/01_cover.png,/Users/kk/Desktop/auto video/figpad_gallery_carousels/posts/mechanism-diagram/008-dna-damage-sensing-and-checkpoint-activation-by-atm-atr/02_prompt.png,/Users/kk/Desktop/auto video/figpad_gallery_carousels/posts/mechanism-diagram/008-dna-damage-sensing-and-checkpoint-activation-by-atm-atr/03_feature.png,/Users/kk/Desktop/auto video/figpad_gallery_carousels/posts/mechanism-diagram/008-dna-damage-sensing-and-checkpoint-activation-by-atm-atr/04_feature.png,/Users/kk/Desktop/auto video/figpad_gallery_carousels/posts/mechanism-diagram/008-dna-damage-sensing-and-checkpoint-activation-by-atm-atr/05_cta.png
mechanism-diagram-009,Mechanisms & Pathways,Autophagy Initiation And Lysosomal Degradation Pathway,https://figpad.ai/scientific-visualization/autophagy-initiation-lysosomal-degradation-watercolor-texture-ink-line,A pathway figure generated from one structured prompt. FigPad helps turn scientific ideas into editable figures with SVG/PPTX export. Comment 'prompt' if you want the link and exact prompt.,/Users/kk/Desktop/auto video/figpad_gallery_carousels/posts/mechanism-diagram/009-autophagy-initiation-and-lysosomal-degradation-pathway/01_cover.png,/Users/kk/Desktop/auto video/figpad_gallery_carousels/posts/mechanism-diagram/009-autophagy-initiation-and-lysosomal-degradation-pathway/02_prompt.png,/Users/kk/Desktop/auto video/figpad_gallery_carousels/posts/mechanism-diagram/009-autophagy-initiation-and-lysosomal-degradation-pathway/03_feature.png,/Users/kk/Desktop/auto video/figpad_gallery_carousels/posts/mechanism-diagram/009-autophagy-initiation-and-lysosomal-degradation-pathway/04_feature.png,/Users/kk/Desktop/auto video/figpad_gallery_carousels/posts/mechanism-diagram/009-autophagy-initiation-and-lysosomal-degradation-pathway/05_cta.png
mechanism-diagram-010,Mechanisms & Pathways,Mitochondrial Apoptosis With BAX-BAK Pore Formation,https://figpad.ai/scientific-visualization/mitochondrial-apoptosis-bax-bak,A pathway figure generated from one structured prompt. FigPad helps turn scientific ideas into editable figures with SVG/PPTX export. Comment 'prompt' if you want the link and exact prompt.,/Users/kk/Desktop/auto video/figpad_gallery_carousels/posts/mechanism-diagram/010-mitochondrial-apoptosis-with-bax-bak-pore-formation/01_cover.png,/Users/kk/Desktop/auto video/figpad_gallery_carousels/posts/mechanism-diagram/010-mitochondrial-apoptosis-with-bax-bak-pore-formation/02_prompt.png,/Users/kk/Desktop/auto video/figpad_gallery_carousels/posts/mechanism-diagram/010-mitochondrial-apoptosis-with-bax-bak-pore-formation/03_feature.png,/Users/kk/Desktop/auto video/figpad_gallery_carousels/posts/mechanism-diagram/010-mitochondrial-apoptosis-with-bax-bak-pore-formation/04_feature.png,/Users/kk/Desktop/auto video/figpad_gallery_carousels/posts/mechanism-diagram/010-mitochondrial-apoptosis-with-bax-bak-pore-formation/05_cta.png
mechanism-diagram-011,Mechanisms & Pathways,T Cell Receptor Signaling And Downstream Transcription Factors,https://figpad.ai/scientific-visualization/t-cell-receptor-signaling,A pathway figure generated from one structured prompt. FigPad helps turn scientific ideas into editable figures with SVG/PPTX export. Comment 'prompt' if you want the link and exact prompt.,/Users/kk/Desktop/auto video/figpad_gallery_carousels/posts/mechanism-diagram/011-t-cell-receptor-signaling-and-downstream-transcription-factors/01_cover.png,/Users/kk/Desktop/auto video/figpad_gallery_carousels/posts/mechanism-diagram/011-t-cell-receptor-signaling-and-downstream-transcription-factors/02_prompt.png,/Users/kk/Desktop/auto video/figpad_gallery_carousels/posts/mechanism-diagram/011-t-cell-receptor-signaling-and-downstream-transcription-factors/03_feature.png,/Users/kk/Desktop/auto video/figpad_gallery_carousels/posts/mechanism-diagram/011-t-cell-receptor-signaling-and-downstream-transcription-factors/04_feature.png,/Users/kk/Desktop/auto video/figpad_gallery_carousels/posts/mechanism-diagram/011-t-cell-receptor-signaling-and-downstream-transcription-factors/05_cta.png
mechanism-diagram-012,Mechanisms & Pathways,PI3K-AKT-mTOR Signaling Axis In Cancer Cell Survival,https://figpad.ai/scientific-visualization/pi3k-akt-mtor-signaling-isometric-technical,A pathway figure generated from one structured prompt. FigPad helps turn scientific ideas into editable figures with SVG/PPTX export. Comment 'prompt' if you want the link and exact prompt.,/Users/kk/Desktop/auto video/figpad_gallery_carousels/posts/mechanism-diagram/012-pi3k-akt-mtor-signaling-axis-in-cancer-cell-survival/01_cover.png,/Users/kk/Desktop/auto video/figpad_gallery_carousels/posts/mechanism-diagram/012-pi3k-akt-mtor-signaling-axis-in-cancer-cell-survival/02_prompt.png,/Users/kk/Desktop/auto video/figpad_gallery_carousels/posts/mechanism-diagram/012-pi3k-akt-mtor-signaling-axis-in-cancer-cell-survival/03_feature.png,/Users/kk/Desktop/auto video/figpad_gallery_carousels/posts/mechanism-diagram/012-pi3k-akt-mtor-signaling-axis-in-cancer-cell-survival/04_feature.png,/Users/kk/Desktop/auto video/figpad_gallery_carousels/posts/mechanism-diagram/012-pi3k-akt-mtor-signaling-axis-in-cancer-cell-survival/05_cta.png
mechanism-diagram-013,Mechanisms & Pathways,NF-kB Inflammatory Activation Cascade In Macrophages,https://figpad.ai/scientific-visualization/nf-kb-inflammatory-activation-watercolor-texture-ink-line,A pathway figure generated from one structured prompt. FigPad helps turn scientific ideas into editable figures with SVG/PPTX export. Comment 'prompt' if you want the link and exact prompt.,/Users/kk/Desktop/auto video/figpad_gallery_carousels/posts/mechanism-diagram/013-nf-kb-inflammatory-activation-cascade-in-macrophages/01_cover.png,/Users/kk/Desktop/auto video/figpad_gallery_carousels/posts/mechanism-diagram/013-nf-kb-inflammatory-activation-cascade-in-macrophages/02_prompt.png,/Users/kk/Desktop/auto video/figpad_gallery_carousels/posts/mechanism-diagram/013-nf-kb-inflammatory-activation-cascade-in-macrophages/03_feature.png,/Users/kk/Desktop/auto video/figpad_gallery_carousels/posts/mechanism-diagram/013-nf-kb-inflammatory-activation-cascade-in-macrophages/04_feature.png,/Users/kk/Desktop/auto video/figpad_gallery_carousels/posts/mechanism-diagram/013-nf-kb-inflammatory-activation-cascade-in-macrophages/05_cta.png
mechanism-diagram-014,Mechanisms & Pathways,DNA Damage Sensing And Checkpoint Activation By ATM-ATR,https://figpad.ai/scientific-visualization/dna-damage-sensing-checkpoint-clean-vector,A pathway figure generated from one structured prompt. FigPad helps turn scientific ideas into editable figures with SVG/PPTX export. Comment 'prompt' if you want the link and exact prompt.,/Users/kk/Desktop/auto video/figpad_gallery_carousels/posts/mechanism-diagram/014-dna-damage-sensing-and-checkpoint-activation-by-atm-atr/01_cover.png,/Users/kk/Desktop/auto video/figpad_gallery_carousels/posts/mechanism-diagram/014-dna-damage-sensing-and-checkpoint-activation-by-atm-atr/02_prompt.png,/Users/kk/Desktop/auto video/figpad_gallery_carousels/posts/mechanism-diagram/014-dna-damage-sensing-and-checkpoint-activation-by-atm-atr/03_feature.png,/Users/kk/Desktop/auto video/figpad_gallery_carousels/posts/mechanism-diagram/014-dna-damage-sensing-and-checkpoint-activation-by-atm-atr/04_feature.png,/Users/kk/Desktop/auto video/figpad_gallery_carousels/posts/mechanism-diagram/014-dna-damage-sensing-and-checkpoint-activation-by-atm-atr/05_cta.png
mechanism-diagram-015,Mechanisms & Pathways,Autophagy Initiation And Lysosomal Degradation Pathway,https://figpad.ai/scientific-visualization/autophagy-initiation-lysosomal-degradation-schematic-minimal,A pathway figure generated from one structured prompt. FigPad helps turn scientific ideas into editable figures with SVG/PPTX export. Comment 'prompt' if you want the link and exact prompt.,/Users/kk/Desktop/auto video/figpad_gallery_carousels/posts/mechanism-diagram/015-autophagy-initiation-and-lysosomal-degradation-pathway/01_cover.png,/Users/kk/Desktop/auto video/figpad_gallery_carousels/posts/mechanism-diagram/015-autophagy-initiation-and-lysosomal-degradation-pathway/02_prompt.png,/Users/kk/Desktop/auto video/figpad_gallery_carousels/posts/mechanism-diagram/015-autophagy-initiation-and-lysosomal-degradation-pathway/03_feature.png,/Users/kk/Desktop/auto video/figpad_gallery_carousels/posts/mechanism-diagram/015-autophagy-initiation-and-lysosomal-degradation-pathway/04_feature.png,/Users/kk/Desktop/auto video/figpad_gallery_carousels/posts/mechanism-diagram/015-autophagy-initiation-and-lysosomal-degradation-pathway/05_cta.png
process-flow-diagram-016,Process & Workflow,Illumina Next-Generation Sequencing,https://figpad.ai/scientific-visualization/illumina-next-generation-sequencing,This is the workflow prompt behind the figure. FigPad helps turn scientific ideas into editable figures with SVG/PPTX export. Comment 'prompt' if you want the link and exact prompt.,/Users/kk/Desktop/auto video/figpad_gallery_carousels/posts/process-flow-diagram/016-illumina-next-generation-sequencing/01_cover.png,/Users/kk/Desktop/auto video/figpad_gallery_carousels/posts/process-flow-diagram/016-illumina-next-generation-sequencing/02_prompt.png,/Users/kk/Desktop/auto video/figpad_gallery_carousels/posts/process-flow-diagram/016-illumina-next-generation-sequencing/03_feature.png,/Users/kk/Desktop/auto video/figpad_gallery_carousels/posts/process-flow-diagram/016-illumina-next-generation-sequencing/04_feature.png,/Users/kk/Desktop/auto video/figpad_gallery_carousels/posts/process-flow-diagram/016-illumina-next-generation-sequencing/05_cta.png
process-flow-diagram-017,Process & Workflow,10x Genomics Chromium Single-cell RNA-seq,https://figpad.ai/scientific-visualization/10x-genomics-chromium-single,This is the workflow prompt behind the figure. FigPad helps turn scientific ideas into editable figures with SVG/PPTX export. Comment 'prompt' if you want the link and exact prompt.,/Users/kk/Desktop/auto video/figpad_gallery_carousels/posts/process-flow-diagram/017-10x-genomics-chromium-single-cell-rna-seq/01_cover.png,/Users/kk/Desktop/auto video/figpad_gallery_carousels/posts/process-flow-diagram/017-10x-genomics-chromium-single-cell-rna-seq/02_prompt.png,/Users/kk/Desktop/auto video/figpad_gallery_carousels/posts/process-flow-diagram/017-10x-genomics-chromium-single-cell-rna-seq/03_feature.png,/Users/kk/Desktop/auto video/figpad_gallery_carousels/posts/process-flow-diagram/017-10x-genomics-chromium-single-cell-rna-seq/04_feature.png,/Users/kk/Desktop/auto video/figpad_gallery_carousels/posts/process-flow-diagram/017-10x-genomics-chromium-single-cell-rna-seq/05_cta.png
process-flow-diagram-018,Process & Workflow,Pharmaceutical Drug Development Pipeline,https://figpad.ai/scientific-visualization/pharmaceutical-drug-development-pipeline,This is the workflow prompt behind the figure. FigPad helps turn scientific ideas into editable figures with SVG/PPTX export. Comment 'prompt' if you want the link and exact prompt.,/Users/kk/Desktop/auto video/figpad_gallery_carousels/posts/process-flow-diagram/018-pharmaceutical-drug-development-pipeline/01_cover.png,/Users/kk/Desktop/auto video/figpad_gallery_carousels/posts/process-flow-diagram/018-pharmaceutical-drug-development-pipeline/02_prompt.png,/Users/kk/Desktop/auto video/figpad_gallery_carousels/posts/process-flow-diagram/018-pharmaceutical-drug-development-pipeline/03_feature.png,/Users/kk/Desktop/auto video/figpad_gallery_carousels/posts/process-flow-diagram/018-pharmaceutical-drug-development-pipeline/04_feature.png,/Users/kk/Desktop/auto video/figpad_gallery_carousels/posts/process-flow-diagram/018-pharmaceutical-drug-development-pipeline/05_cta.png
process-flow-diagram-019,Process & Workflow,Workflow For CRISPR Genome-wide Knockout Screen,https://figpad.ai/scientific-visualization/workflow-crispr-genome-wide,This is the workflow prompt behind the figure. FigPad helps turn scientific ideas into editable figures with SVG/PPTX export. Comment 'prompt' if you want the link and exact prompt.,/Users/kk/Desktop/auto video/figpad_gallery_carousels/posts/process-flow-diagram/019-workflow-for-crispr-genome-wide-knockout-screen/01_cover.png,/Users/kk/Desktop/auto video/figpad_gallery_carousels/posts/process-flow-diagram/019-workflow-for-crispr-genome-wide-knockout-screen/02_prompt.png,/Users/kk/Desktop/auto video/figpad_gallery_carousels/posts/process-flow-diagram/019-workflow-for-crispr-genome-wide-knockout-screen/03_feature.png,/Users/kk/Desktop/auto video/figpad_gallery_carousels/posts/process-flow-diagram/019-workflow-for-crispr-genome-wide-knockout-screen/04_feature.png,/Users/kk/Desktop/auto video/figpad_gallery_carousels/posts/process-flow-diagram/019-workflow-for-crispr-genome-wide-knockout-screen/05_cta.png
process-flow-diagram-020,Process & Workflow,Laboratory Workflow For Recombinant Protein Expression And Purification,https://figpad.ai/scientific-visualization/laboratory-workflow-recombinant-protein,This is the workflow prompt behind the figure. FigPad helps turn scientific ideas into editable figures with SVG/PPTX export. Comment 'prompt' if you want the link and exact prompt.,/Users/kk/Desktop/auto video/figpad_gallery_carousels/posts/process-flow-diagram/020-laboratory-workflow-for-recombinant-protein-expression-and-purification/01_cover.png,/Users/kk/Desktop/auto video/figpad_gallery_carousels/posts/process-flow-diagram/020-laboratory-workflow-for-recombinant-protein-expression-and-purification/02_prompt.png,/Users/kk/Desktop/auto video/figpad_gallery_carousels/posts/process-flow-diagram/020-laboratory-workflow-for-recombinant-protein-expression-and-purification/03_feature.png,/Users/kk/Desktop/auto video/figpad_gallery_carousels/posts/process-flow-diagram/020-laboratory-workflow-for-recombinant-protein-expression-and-purification/04_feature.png,/Users/kk/Desktop/auto video/figpad_gallery_carousels/posts/process-flow-diagram/020-laboratory-workflow-for-recombinant-protein-expression-and-purification/05_cta.png
process-flow-diagram-021,Process & Workflow,Bioinformatics Workflow For Bulk RNA-seq Differential Expression Analysis,https://figpad.ai/scientific-visualization/bioinformatics-workflow-bulk-rna,This is the workflow prompt behind the figure. FigPad helps turn scientific ideas into editable figures with SVG/PPTX export. Comment 'prompt' if you want the link and exact prompt.,/Users/kk/Desktop/auto video/figpad_gallery_carousels/posts/process-flow-diagram/021-bioinformatics-workflow-for-bulk-rna-seq-differential-expression-analysis/01_cover.png,/Users/kk/Desktop/auto video/figpad_gallery_carousels/posts/process-flow-diagram/021-bioinformatics-workflow-for-bulk-rna-seq-differential-expression-analysis/02_prompt.png,/Users/kk/Desktop/auto video/figpad_gallery_carousels/posts/process-flow-diagram/021-bioinformatics-workflow-for-bulk-rna-seq-differential-expression-analysis/03_feature.png,/Users/kk/Desktop/auto video/figpad_gallery_carousels/posts/process-flow-diagram/021-bioinformatics-workflow-for-bulk-rna-seq-differential-expression-analysis/04_feature.png,/Users/kk/Desktop/auto video/figpad_gallery_carousels/posts/process-flow-diagram/021-bioinformatics-workflow-for-bulk-rna-seq-differential-expression-analysis/05_cta.png
process-flow-diagram-022,Process & Workflow,Multicolor Flow Cytometry Experimental Workflow,https://figpad.ai/scientific-visualization/multicolor-flow-cytometry-experimental,This is the workflow prompt behind the figure. FigPad helps turn scientific ideas into editable figures with SVG/PPTX export. Comment 'prompt' if you want the link and exact prompt.,/Users/kk/Desktop/auto video/figpad_gallery_carousels/posts/process-flow-diagram/022-multicolor-flow-cytometry-experimental-workflow/01_cover.png,/Users/kk/Desktop/auto video/figpad_gallery_carousels/posts/process-flow-diagram/022-multicolor-flow-cytometry-experimental-workflow/02_prompt.png,/Users/kk/Desktop/auto video/figpad_gallery_carousels/posts/process-flow-diagram/022-multicolor-flow-cytometry-experimental-workflow/03_feature.png,/Users/kk/Desktop/auto video/figpad_gallery_carousels/posts/process-flow-diagram/022-multicolor-flow-cytometry-experimental-workflow/04_feature.png,/Users/kk/Desktop/auto video/figpad_gallery_carousels/posts/process-flow-diagram/022-multicolor-flow-cytometry-experimental-workflow/05_cta.png
process-flow-diagram-023,Process & Workflow,Step-by-step Western Blot Protocol Figure,https://figpad.ai/scientific-visualization/step-by-step-western,This is the workflow prompt behind the figure. FigPad helps turn scientific ideas into editable figures with SVG/PPTX export. Comment 'prompt' if you want the link and exact prompt.,/Users/kk/Desktop/auto video/figpad_gallery_carousels/posts/process-flow-diagram/023-step-by-step-western-blot-protocol-figure/01_cover.png,/Users/kk/Desktop/auto video/figpad_gallery_carousels/posts/process-flow-diagram/023-step-by-step-western-blot-protocol-figure/02_prompt.png,/Users/kk/Desktop/auto video/figpad_gallery_carousels/posts/process-flow-diagram/023-step-by-step-western-blot-protocol-figure/03_feature.png,/Users/kk/Desktop/auto video/figpad_gallery_carousels/posts/process-flow-diagram/023-step-by-step-western-blot-protocol-figure/04_feature.png,/Users/kk/Desktop/auto video/figpad_gallery_carousels/posts/process-flow-diagram/023-step-by-step-western-blot-protocol-figure/05_cta.png
process-flow-diagram-024,Process & Workflow,Workflow For Cryo-electron Microscopy Single-particle Analysis,https://figpad.ai/scientific-visualization/workflow-cryo-electron-microscopy,This is the workflow prompt behind the figure. FigPad helps turn scientific ideas into editable figures with SVG/PPTX export. Comment 'prompt' if you want the link and exact prompt.,/Users/kk/Desktop/auto video/figpad_gallery_carousels/posts/process-flow-diagram/024-workflow-for-cryo-electron-microscopy-single-particle-analysis/01_cover.png,/Users/kk/Desktop/auto video/figpad_gallery_carousels/posts/process-flow-diagram/024-workflow-for-cryo-electron-microscopy-single-particle-analysis/02_prompt.png,/Users/kk/Desktop/auto video/figpad_gallery_carousels/posts/process-flow-diagram/024-workflow-for-cryo-electron-microscopy-single-particle-analysis/03_feature.png,/Users/kk/Desktop/auto video/figpad_gallery_carousels/posts/process-flow-diagram/024-workflow-for-cryo-electron-microscopy-single-particle-analysis/04_feature.png,/Users/kk/Desktop/auto video/figpad_gallery_carousels/posts/process-flow-diagram/024-workflow-for-cryo-electron-microscopy-single-particle-analysis/05_cta.png
process-flow-diagram-025,Process & Workflow,Workflow For Untargeted LC-MS/MS Metabolomics,https://figpad.ai/scientific-visualization/workflow-untargeted-lc-ms,This is the workflow prompt behind the figure. FigPad helps turn scientific ideas into editable figures with SVG/PPTX export. Comment 'prompt' if you want the link and exact prompt.,/Users/kk/Desktop/auto video/figpad_gallery_carousels/posts/process-flow-diagram/025-workflow-for-untargeted-lc-ms-ms-metabolomics/01_cover.png,/Users/kk/Desktop/auto video/figpad_gallery_carousels/posts/process-flow-diagram/025-workflow-for-untargeted-lc-ms-ms-metabolomics/02_prompt.png,/Users/kk/Desktop/auto video/figpad_gallery_carousels/posts/process-flow-diagram/025-workflow-for-untargeted-lc-ms-ms-metabolomics/03_feature.png,/Users/kk/Desktop/auto video/figpad_gallery_carousels/posts/process-flow-diagram/025-workflow-for-untargeted-lc-ms-ms-metabolomics/04_feature.png,/Users/kk/Desktop/auto video/figpad_gallery_carousels/posts/process-flow-diagram/025-workflow-for-untargeted-lc-ms-ms-metabolomics/05_cta.png
process-flow-diagram-026,Process & Workflow,Single-cell RNA-seq Experiment From Sample Prep To Clustering,https://figpad.ai/scientific-visualization/single-cell-rna-seq-schematic-minimal,This is the workflow prompt behind the figure. FigPad helps turn scientific ideas into editable figures with SVG/PPTX export. Comment 'prompt' if you want the link and exact prompt.,/Users/kk/Desktop/auto video/figpad_gallery_carousels/posts/process-flow-diagram/026-single-cell-rna-seq-experiment-from-sample-prep-to-clustering/01_cover.png,/Users/kk/Desktop/auto video/figpad_gallery_carousels/posts/process-flow-diagram/026-single-cell-rna-seq-experiment-from-sample-prep-to-clustering/02_prompt.png,/Users/kk/Desktop/auto video/figpad_gallery_carousels/posts/process-flow-diagram/026-single-cell-rna-seq-experiment-from-sample-prep-to-clustering/03_feature.png,/Users/kk/Desktop/auto video/figpad_gallery_carousels/posts/process-flow-diagram/026-single-cell-rna-seq-experiment-from-sample-prep-to-clustering/04_feature.png,/Users/kk/Desktop/auto video/figpad_gallery_carousels/posts/process-flow-diagram/026-single-cell-rna-seq-experiment-from-sample-prep-to-clustering/05_cta.png
process-flow-diagram-027,Process & Workflow,CRISPR Pooled Screening Pipeline With Sequencing Readout,https://figpad.ai/scientific-visualization/crispr-pooled-screening-pipeline-clean-vector,This is the workflow prompt behind the figure. FigPad helps turn scientific ideas into editable figures with SVG/PPTX export. Comment 'prompt' if you want the link and exact prompt.,/Users/kk/Desktop/auto video/figpad_gallery_carousels/posts/process-flow-diagram/027-crispr-pooled-screening-pipeline-with-sequencing-readout/01_cover.png,/Users/kk/Desktop/auto video/figpad_gallery_carousels/posts/process-flow-diagram/027-crispr-pooled-screening-pipeline-with-sequencing-readout/02_prompt.png,/Users/kk/Desktop/auto video/figpad_gallery_carousels/posts/process-flow-diagram/027-crispr-pooled-screening-pipeline-with-sequencing-readout/03_feature.png,/Users/kk/Desktop/auto video/figpad_gallery_carousels/posts/process-flow-diagram/027-crispr-pooled-screening-pipeline-with-sequencing-readout/04_feature.png,/Users/kk/Desktop/auto video/figpad_gallery_carousels/posts/process-flow-diagram/027-crispr-pooled-screening-pipeline-with-sequencing-readout/05_cta.png
process-flow-diagram-028,Process & Workflow,Protein Purification And Quality-control Workflow For Structural Biology,https://figpad.ai/scientific-visualization/protein-purification-quality-control-isometric-technical,This is the workflow prompt behind the figure. FigPad helps turn scientific ideas into editable figures with SVG/PPTX export. Comment 'prompt' if you want the link and exact prompt.,/Users/kk/Desktop/auto video/figpad_gallery_carousels/posts/process-flow-diagram/028-protein-purification-and-quality-control-workflow-for-structural-biology/01_cover.png,/Users/kk/Desktop/auto video/figpad_gallery_carousels/posts/process-flow-diagram/028-protein-purification-and-quality-control-workflow-for-structural-biology/02_prompt.png,/Users/kk/Desktop/auto video/figpad_gallery_carousels/posts/process-flow-diagram/028-protein-purification-and-quality-control-workflow-for-structural-biology/03_feature.png,/Users/kk/Desktop/auto video/figpad_gallery_carousels/posts/process-flow-diagram/028-protein-purification-and-quality-control-workflow-for-structural-biology/04_feature.png,/Users/kk/Desktop/auto video/figpad_gallery_carousels/posts/process-flow-diagram/028-protein-purification-and-quality-control-workflow-for-structural-biology/05_cta.png
process-flow-diagram-029,Process & Workflow,Metabolomics Analysis Workflow From LC-MS To Pathway Enrichment,https://figpad.ai/scientific-visualization/metabolomics-analysis-workflow-from-scientific-engraving-monochrome,This is the workflow prompt behind the figure. FigPad helps turn scientific ideas into editable figures with SVG/PPTX export. Comment 'prompt' if you want the link and exact prompt.,/Users/kk/Desktop/auto video/figpad_gallery_carousels/posts/process-flow-diagram/029-metabolomics-analysis-workflow-from-lc-ms-to-pathway-enrichment/01_cover.png,/Users/kk/Desktop/auto video/figpad_gallery_carousels/posts/process-flow-diagram/029-metabolomics-analysis-workflow-from-lc-ms-to-pathway-enrichment/02_prompt.png,/Users/kk/Desktop/auto video/figpad_gallery_carousels/posts/process-flow-diagram/029-metabolomics-analysis-workflow-from-lc-ms-to-pathway-enrichment/03_feature.png,/Users/kk/Desktop/auto video/figpad_gallery_carousels/posts/process-flow-diagram/029-metabolomics-analysis-workflow-from-lc-ms-to-pathway-enrichment/04_feature.png,/Users/kk/Desktop/auto video/figpad_gallery_carousels/posts/process-flow-diagram/029-metabolomics-analysis-workflow-from-lc-ms-to-pathway-enrichment/05_cta.png
process-flow-diagram-030,Process & Workflow,Clinical Trial Data Pipeline From Enrollment To Endpoint Analysis,https://figpad.ai/scientific-visualization/clinical-trial-data-pipeline,This is the workflow prompt behind the figure. FigPad helps turn scientific ideas into editable figures with SVG/PPTX export. Comment 'prompt' if you want the link and exact prompt.,/Users/kk/Desktop/auto video/figpad_gallery_carousels/posts/process-flow-diagram/030-clinical-trial-data-pipeline-from-enrollment-to-endpoint-analysis/01_cover.png,/Users/kk/Desktop/auto video/figpad_gallery_carousels/posts/process-flow-diagram/030-clinical-trial-data-pipeline-from-enrollment-to-endpoint-analysis/02_prompt.png,/Users/kk/Desktop/auto video/figpad_gallery_carousels/posts/process-flow-diagram/030-clinical-trial-data-pipeline-from-enrollment-to-endpoint-analysis/03_feature.png,/Users/kk/Desktop/auto video/figpad_gallery_carousels/posts/process-flow-diagram/030-clinical-trial-data-pipeline-from-enrollment-to-endpoint-analysis/04_feature.png,/Users/kk/Desktop/auto video/figpad_gallery_carousels/posts/process-flow-diagram/030-clinical-trial-data-pipeline-from-enrollment-to-endpoint-analysis/05_cta.png
process-flow-diagram-031,Process & Workflow,Laboratory Automation Workflow For High-throughput Screening,https://figpad.ai/scientific-visualization/laboratory-automation-workflow-high,This is the workflow prompt behind the figure. FigPad helps turn scientific ideas into editable figures with SVG/PPTX export. Comment 'prompt' if you want the link and exact prompt.,/Users/kk/Desktop/auto video/figpad_gallery_carousels/posts/process-flow-diagram/031-laboratory-automation-workflow-for-high-throughput-screening/01_cover.png,/Users/kk/Desktop/auto video/figpad_gallery_carousels/posts/process-flow-diagram/031-laboratory-automation-workflow-for-high-throughput-screening/02_prompt.png,/Users/kk/Desktop/auto video/figpad_gallery_carousels/posts/process-flow-diagram/031-laboratory-automation-workflow-for-high-throughput-screening/03_feature.png,/Users/kk/Desktop/auto video/figpad_gallery_carousels/posts/process-flow-diagram/031-laboratory-automation-workflow-for-high-throughput-screening/04_feature.png,/Users/kk/Desktop/auto video/figpad_gallery_carousels/posts/process-flow-diagram/031-laboratory-automation-workflow-for-high-throughput-screening/05_cta.png
process-flow-diagram-032,Process & Workflow,Single-cell RNA-seq Experiment From Sample Prep To Clustering,https://figpad.ai/scientific-visualization/single-cell-rna-seq-isometric-technical,This is the workflow prompt behind the figure. FigPad helps turn scientific ideas into editable figures with SVG/PPTX export. Comment 'prompt' if you want the link and exact prompt.,/Users/kk/Desktop/auto video/figpad_gallery_carousels/posts/process-flow-diagram/032-single-cell-rna-seq-experiment-from-sample-prep-to-clustering/01_cover.png,/Users/kk/Desktop/auto video/figpad_gallery_carousels/posts/process-flow-diagram/032-single-cell-rna-seq-experiment-from-sample-prep-to-clustering/02_prompt.png,/Users/kk/Desktop/auto video/figpad_gallery_carousels/posts/process-flow-diagram/032-single-cell-rna-seq-experiment-from-sample-prep-to-clustering/03_feature.png,/Users/kk/Desktop/auto video/figpad_gallery_carousels/posts/process-flow-diagram/032-single-cell-rna-seq-experiment-from-sample-prep-to-clustering/04_feature.png,/Users/kk/Desktop/auto video/figpad_gallery_carousels/posts/process-flow-diagram/032-single-cell-rna-seq-experiment-from-sample-prep-to-clustering/05_cta.png
process-flow-diagram-033,Process & Workflow,CRISPR Pooled Screening Pipeline With Sequencing Readout,https://figpad.ai/scientific-visualization/crispr-pooled-screening-pipeline-scientific-engraving-monochrome,This is the workflow prompt behind the figure. FigPad helps turn scientific ideas into editable figures with SVG/PPTX export. Comment 'prompt' if you want the link and exact prompt.,/Users/kk/Desktop/auto video/figpad_gallery_carousels/posts/process-flow-diagram/033-crispr-pooled-screening-pipeline-with-sequencing-readout/01_cover.png,/Users/kk/Desktop/auto video/figpad_gallery_carousels/posts/process-flow-diagram/033-crispr-pooled-screening-pipeline-with-sequencing-readout/02_prompt.png,/Users/kk/Desktop/auto video/figpad_gallery_carousels/posts/process-flow-diagram/033-crispr-pooled-screening-pipeline-with-sequencing-readout/03_feature.png,/Users/kk/Desktop/auto video/figpad_gallery_carousels/posts/process-flow-diagram/033-crispr-pooled-screening-pipeline-with-sequencing-readout/04_feature.png,/Users/kk/Desktop/auto video/figpad_gallery_carousels/posts/process-flow-diagram/033-crispr-pooled-screening-pipeline-with-sequencing-readout/05_cta.png
process-flow-diagram-034,Process & Workflow,Protein Purification And Quality-control Workflow For Structural Biology,https://figpad.ai/scientific-visualization/protein-purification-quality-control-schematic-minimal,This is the workflow prompt behind the figure. FigPad helps turn scientific ideas into editable figures with SVG/PPTX export. Comment 'prompt' if you want the link and exact prompt.,/Users/kk/Desktop/auto video/figpad_gallery_carousels/posts/process-flow-diagram/034-protein-purification-and-quality-control-workflow-for-structural-biology/01_cover.png,/Users/kk/Desktop/auto video/figpad_gallery_carousels/posts/process-flow-diagram/034-protein-purification-and-quality-control-workflow-for-structural-biology/02_prompt.png,/Users/kk/Desktop/auto video/figpad_gallery_carousels/posts/process-flow-diagram/034-protein-purification-and-quality-control-workflow-for-structural-biology/03_feature.png,/Users/kk/Desktop/auto video/figpad_gallery_carousels/posts/process-flow-diagram/034-protein-purification-and-quality-control-workflow-for-structural-biology/04_feature.png,/Users/kk/Desktop/auto video/figpad_gallery_carousels/posts/process-flow-diagram/034-protein-purification-and-quality-control-workflow-for-structural-biology/05_cta.png
process-flow-diagram-035,Process & Workflow,Metabolomics Analysis Workflow From LC-MS To Pathway Enrichment,https://figpad.ai/scientific-visualization/metabolomics-analysis-workflow-from-clean-vector,This is the workflow prompt behind the figure. FigPad helps turn scientific ideas into editable figures with SVG/PPTX export. Comment 'prompt' if you want the link and exact prompt.,/Users/kk/Desktop/auto video/figpad_gallery_carousels/posts/process-flow-diagram/035-metabolomics-analysis-workflow-from-lc-ms-to-pathway-enrichment/01_cover.png,/Users/kk/Desktop/auto video/figpad_gallery_carousels/posts/process-flow-diagram/035-metabolomics-analysis-workflow-from-lc-ms-to-pathway-enrichment/02_prompt.png,/Users/kk/Desktop/auto video/figpad_gallery_carousels/posts/process-flow-diagram/035-metabolomics-analysis-workflow-from-lc-ms-to-pathway-enrichment/03_feature.png,/Users/kk/Desktop/auto video/figpad_gallery_carousels/posts/process-flow-diagram/035-metabolomics-analysis-workflow-from-lc-ms-to-pathway-enrichment/04_feature.png,/Users/kk/Desktop/auto video/figpad_gallery_carousels/posts/process-flow-diagram/035-metabolomics-analysis-workflow-from-lc-ms-to-pathway-enrichment/05_cta.png
graphical-abstract-template-036,Graphical Abstracts,CAR-T Cell Therapy,https://figpad.ai/scientific-visualization/car-t-cell-therapy,A graphical abstract prompt worth saving. FigPad helps turn scientific ideas into editable figures with SVG/PPTX export. Comment 'prompt' if you want the link and exact prompt.,/Users/kk/Desktop/auto video/figpad_gallery_carousels/posts/graphical-abstract-template/036-car-t-cell-therapy/01_cover.png,/Users/kk/Desktop/auto video/figpad_gallery_carousels/posts/graphical-abstract-template/036-car-t-cell-therapy/02_prompt.png,/Users/kk/Desktop/auto video/figpad_gallery_carousels/posts/graphical-abstract-template/036-car-t-cell-therapy/03_feature.png,/Users/kk/Desktop/auto video/figpad_gallery_carousels/posts/graphical-abstract-template/036-car-t-cell-therapy/04_feature.png,/Users/kk/Desktop/auto video/figpad_gallery_carousels/posts/graphical-abstract-template/036-car-t-cell-therapy/05_cta.png
graphical-abstract-template-037,Graphical Abstracts,Lipid Nanoparticle mRNA Delivery,https://figpad.ai/scientific-visualization/lipid-nanoparticle-mrna-delivery,A graphical abstract prompt worth saving. FigPad helps turn scientific ideas into editable figures with SVG/PPTX export. Comment 'prompt' if you want the link and exact prompt.,/Users/kk/Desktop/auto video/figpad_gallery_carousels/posts/graphical-abstract-template/037-lipid-nanoparticle-mrna-delivery/01_cover.png,/Users/kk/Desktop/auto video/figpad_gallery_carousels/posts/graphical-abstract-template/037-lipid-nanoparticle-mrna-delivery/02_prompt.png,/Users/kk/Desktop/auto video/figpad_gallery_carousels/posts/graphical-abstract-template/037-lipid-nanoparticle-mrna-delivery/03_feature.png,/Users/kk/Desktop/auto video/figpad_gallery_carousels/posts/graphical-abstract-template/037-lipid-nanoparticle-mrna-delivery/04_feature.png,/Users/kk/Desktop/auto video/figpad_gallery_carousels/posts/graphical-abstract-template/037-lipid-nanoparticle-mrna-delivery/05_cta.png
graphical-abstract-template-038,Graphical Abstracts,Organoid-based Drug Screening,https://figpad.ai/scientific-visualization/organoid-based-drug-screening,A graphical abstract prompt worth saving. FigPad helps turn scientific ideas into editable figures with SVG/PPTX export. Comment 'prompt' if you want the link and exact prompt.,/Users/kk/Desktop/auto video/figpad_gallery_carousels/posts/graphical-abstract-template/038-organoid-based-drug-screening/01_cover.png,/Users/kk/Desktop/auto video/figpad_gallery_carousels/posts/graphical-abstract-template/038-organoid-based-drug-screening/02_prompt.png,/Users/kk/Desktop/auto video/figpad_gallery_carousels/posts/graphical-abstract-template/038-organoid-based-drug-screening/03_feature.png,/Users/kk/Desktop/auto video/figpad_gallery_carousels/posts/graphical-abstract-template/038-organoid-based-drug-screening/04_feature.png,/Users/kk/Desktop/auto video/figpad_gallery_carousels/posts/graphical-abstract-template/038-organoid-based-drug-screening/05_cta.png
graphical-abstract-template-039,Graphical Abstracts,AlphaFold Protein Structure Prediction,https://figpad.ai/scientific-visualization/alphafold-protein-structure-prediction,A graphical abstract prompt worth saving. FigPad helps turn scientific ideas into editable figures with SVG/PPTX export. Comment 'prompt' if you want the link and exact prompt.,/Users/kk/Desktop/auto video/figpad_gallery_carousels/posts/graphical-abstract-template/039-alphafold-protein-structure-prediction/01_cover.png,/Users/kk/Desktop/auto video/figpad_gallery_carousels/posts/graphical-abstract-template/039-alphafold-protein-structure-prediction/02_prompt.png,/Users/kk/Desktop/auto video/figpad_gallery_carousels/posts/graphical-abstract-template/039-alphafold-protein-structure-prediction/03_feature.png,/Users/kk/Desktop/auto video/figpad_gallery_carousels/posts/graphical-abstract-template/039-alphafold-protein-structure-prediction/04_feature.png,/Users/kk/Desktop/auto video/figpad_gallery_carousels/posts/graphical-abstract-template/039-alphafold-protein-structure-prediction/05_cta.png
graphical-abstract-template-040,Graphical Abstracts,PROTAC Targeted Protein Degradation,https://figpad.ai/scientific-visualization/protac-targeted-protein-degradation,A graphical abstract prompt worth saving. FigPad helps turn scientific ideas into editable figures with SVG/PPTX export. Comment 'prompt' if you want the link and exact prompt.,/Users/kk/Desktop/auto video/figpad_gallery_carousels/posts/graphical-abstract-template/040-protac-targeted-protein-degradation/01_cover.png,/Users/kk/Desktop/auto video/figpad_gallery_carousels/posts/graphical-abstract-template/040-protac-targeted-protein-degradation/02_prompt.png,/Users/kk/Desktop/auto video/figpad_gallery_carousels/posts/graphical-abstract-template/040-protac-targeted-protein-degradation/03_feature.png,/Users/kk/Desktop/auto video/figpad_gallery_carousels/posts/graphical-abstract-template/040-protac-targeted-protein-degradation/04_feature.png,/Users/kk/Desktop/auto video/figpad_gallery_carousels/posts/graphical-abstract-template/040-protac-targeted-protein-degradation/05_cta.png
graphical-abstract-template-041,Graphical Abstracts,Base Editing,https://figpad.ai/scientific-visualization/base-editing,A graphical abstract prompt worth saving. FigPad helps turn scientific ideas into editable figures with SVG/PPTX export. Comment 'prompt' if you want the link and exact prompt.,/Users/kk/Desktop/auto video/figpad_gallery_carousels/posts/graphical-abstract-template/041-base-editing/01_cover.png,/Users/kk/Desktop/auto video/figpad_gallery_carousels/posts/graphical-abstract-template/041-base-editing/02_prompt.png,/Users/kk/Desktop/auto video/figpad_gallery_carousels/posts/graphical-abstract-template/041-base-editing/03_feature.png,/Users/kk/Desktop/auto video/figpad_gallery_carousels/posts/graphical-abstract-template/041-base-editing/04_feature.png,/Users/kk/Desktop/auto video/figpad_gallery_carousels/posts/graphical-abstract-template/041-base-editing/05_cta.png
graphical-abstract-template-042,Graphical Abstracts,Lipid Nanoparticle Mediated mRNA Delivery And Immune Activation,https://figpad.ai/scientific-visualization/lipid-nanoparticle-mediated-mrna-soft-biomedical,A graphical abstract prompt worth saving. FigPad helps turn scientific ideas into editable figures with SVG/PPTX export. Comment 'prompt' if you want the link and exact prompt.,/Users/kk/Desktop/auto video/figpad_gallery_carousels/posts/graphical-abstract-template/042-lipid-nanoparticle-mediated-mrna-delivery-and-immune-activation/01_cover.png,/Users/kk/Desktop/auto video/figpad_gallery_carousels/posts/graphical-abstract-template/042-lipid-nanoparticle-mediated-mrna-delivery-and-immune-activation/02_prompt.png,/Users/kk/Desktop/auto video/figpad_gallery_carousels/posts/graphical-abstract-template/042-lipid-nanoparticle-mediated-mrna-delivery-and-immune-activation/03_feature.png,/Users/kk/Desktop/auto video/figpad_gallery_carousels/posts/graphical-abstract-template/042-lipid-nanoparticle-mediated-mrna-delivery-and-immune-activation/04_feature.png,/Users/kk/Desktop/auto video/figpad_gallery_carousels/posts/graphical-abstract-template/042-lipid-nanoparticle-mediated-mrna-delivery-and-immune-activation/05_cta.png
graphical-abstract-template-043,Graphical Abstracts,Organoid-based Precision Medicine Loop For Drug Response Prediction,https://figpad.ai/scientific-visualization/organoid-based-precision-medicine-clean-vector,A graphical abstract prompt worth saving. FigPad helps turn scientific ideas into editable figures with SVG/PPTX export. Comment 'prompt' if you want the link and exact prompt.,/Users/kk/Desktop/auto video/figpad_gallery_carousels/posts/graphical-abstract-template/043-organoid-based-precision-medicine-loop-for-drug-response-prediction/01_cover.png,/Users/kk/Desktop/auto video/figpad_gallery_carousels/posts/graphical-abstract-template/043-organoid-based-precision-medicine-loop-for-drug-response-prediction/02_prompt.png,/Users/kk/Desktop/auto video/figpad_gallery_carousels/posts/graphical-abstract-template/043-organoid-based-precision-medicine-loop-for-drug-response-prediction/03_feature.png,/Users/kk/Desktop/auto video/figpad_gallery_carousels/posts/graphical-abstract-template/043-organoid-based-precision-medicine-loop-for-drug-response-prediction/04_feature.png,/Users/kk/Desktop/auto video/figpad_gallery_carousels/posts/graphical-abstract-template/043-organoid-based-precision-medicine-loop-for-drug-response-prediction/05_cta.png
graphical-abstract-template-044,Graphical Abstracts,Microbiome-gut-brain Axis Effects On Neuroinflammation,https://figpad.ai/scientific-visualization/microbiome-gut-brain-axis-watercolor-texture-ink-line,A graphical abstract prompt worth saving. FigPad helps turn scientific ideas into editable figures with SVG/PPTX export. Comment 'prompt' if you want the link and exact prompt.,/Users/kk/Desktop/auto video/figpad_gallery_carousels/posts/graphical-abstract-template/044-microbiome-gut-brain-axis-effects-on-neuroinflammation/01_cover.png,/Users/kk/Desktop/auto video/figpad_gallery_carousels/posts/graphical-abstract-template/044-microbiome-gut-brain-axis-effects-on-neuroinflammation/02_prompt.png,/Users/kk/Desktop/auto video/figpad_gallery_carousels/posts/graphical-abstract-template/044-microbiome-gut-brain-axis-effects-on-neuroinflammation/03_feature.png,/Users/kk/Desktop/auto video/figpad_gallery_carousels/posts/graphical-abstract-template/044-microbiome-gut-brain-axis-effects-on-neuroinflammation/04_feature.png,/Users/kk/Desktop/auto video/figpad_gallery_carousels/posts/graphical-abstract-template/044-microbiome-gut-brain-axis-effects-on-neuroinflammation/05_cta.png
graphical-abstract-template-045,Graphical Abstracts,PROTAC-driven Targeted Protein Degradation Summary,https://figpad.ai/scientific-visualization/protac-driven-targeted-protein-journal-cover-cinematic,A graphical abstract prompt worth saving. FigPad helps turn scientific ideas into editable figures with SVG/PPTX export. Comment 'prompt' if you want the link and exact prompt.,/Users/kk/Desktop/auto video/figpad_gallery_carousels/posts/graphical-abstract-template/045-protac-driven-targeted-protein-degradation-summary/01_cover.png,/Users/kk/Desktop/auto video/figpad_gallery_carousels/posts/graphical-abstract-template/045-protac-driven-targeted-protein-degradation-summary/02_prompt.png,/Users/kk/Desktop/auto video/figpad_gallery_carousels/posts/graphical-abstract-template/045-protac-driven-targeted-protein-degradation-summary/03_feature.png,/Users/kk/Desktop/auto video/figpad_gallery_carousels/posts/graphical-abstract-template/045-protac-driven-targeted-protein-degradation-summary/04_feature.png,/Users/kk/Desktop/auto video/figpad_gallery_carousels/posts/graphical-abstract-template/045-protac-driven-targeted-protein-degradation-summary/05_cta.png
graphical-abstract-template-046,Graphical Abstracts,CAR-T Treatment Lifecycle With Tumor Burden Reduction,https://figpad.ai/scientific-visualization/car-t-treatment-lifecycle,A graphical abstract prompt worth saving. FigPad helps turn scientific ideas into editable figures with SVG/PPTX export. Comment 'prompt' if you want the link and exact prompt.,/Users/kk/Desktop/auto video/figpad_gallery_carousels/posts/graphical-abstract-template/046-car-t-treatment-lifecycle-with-tumor-burden-reduction/01_cover.png,/Users/kk/Desktop/auto video/figpad_gallery_carousels/posts/graphical-abstract-template/046-car-t-treatment-lifecycle-with-tumor-burden-reduction/02_prompt.png,/Users/kk/Desktop/auto video/figpad_gallery_carousels/posts/graphical-abstract-template/046-car-t-treatment-lifecycle-with-tumor-burden-reduction/03_feature.png,/Users/kk/Desktop/auto video/figpad_gallery_carousels/posts/graphical-abstract-template/046-car-t-treatment-lifecycle-with-tumor-burden-reduction/04_feature.png,/Users/kk/Desktop/auto video/figpad_gallery_carousels/posts/graphical-abstract-template/046-car-t-treatment-lifecycle-with-tumor-burden-reduction/05_cta.png
graphical-abstract-template-047,Graphical Abstracts,Synthetic Biology Biosensor For Rapid Pathogen Detection,https://figpad.ai/scientific-visualization/synthetic-biology-biosensor-rapid,A graphical abstract prompt worth saving. FigPad helps turn scientific ideas into editable figures with SVG/PPTX export. Comment 'prompt' if you want the link and exact prompt.,/Users/kk/Desktop/auto video/figpad_gallery_carousels/posts/graphical-abstract-template/047-synthetic-biology-biosensor-for-rapid-pathogen-detection/01_cover.png,/Users/kk/Desktop/auto video/figpad_gallery_carousels/posts/graphical-abstract-template/047-synthetic-biology-biosensor-for-rapid-pathogen-detection/02_prompt.png,/Users/kk/Desktop/auto video/figpad_gallery_carousels/posts/graphical-abstract-template/047-synthetic-biology-biosensor-for-rapid-pathogen-detection/03_feature.png,/Users/kk/Desktop/auto video/figpad_gallery_carousels/posts/graphical-abstract-template/047-synthetic-biology-biosensor-for-rapid-pathogen-detection/04_feature.png,/Users/kk/Desktop/auto video/figpad_gallery_carousels/posts/graphical-abstract-template/047-synthetic-biology-biosensor-for-rapid-pathogen-detection/05_cta.png
graphical-abstract-template-048,Graphical Abstracts,Organoid-based Precision Medicine Loop For Drug Response Prediction,https://figpad.ai/scientific-visualization/organoid-based-precision-medicine-journal-cover-cinematic,A graphical abstract prompt worth saving. FigPad helps turn scientific ideas into editable figures with SVG/PPTX export. Comment 'prompt' if you want the link and exact prompt.,/Users/kk/Desktop/auto video/figpad_gallery_carousels/posts/graphical-abstract-template/048-organoid-based-precision-medicine-loop-for-drug-response-prediction/01_cover.png,/Users/kk/Desktop/auto video/figpad_gallery_carousels/posts/graphical-abstract-template/048-organoid-based-precision-medicine-loop-for-drug-response-prediction/02_prompt.png,/Users/kk/Desktop/auto video/figpad_gallery_carousels/posts/graphical-abstract-template/048-organoid-based-precision-medicine-loop-for-drug-response-prediction/03_feature.png,/Users/kk/Desktop/auto video/figpad_gallery_carousels/posts/graphical-abstract-template/048-organoid-based-precision-medicine-loop-for-drug-response-prediction/04_feature.png,/Users/kk/Desktop/auto video/figpad_gallery_carousels/posts/graphical-abstract-template/048-organoid-based-precision-medicine-loop-for-drug-response-prediction/05_cta.png
graphical-abstract-template-049,Graphical Abstracts,Microbiome-gut-brain Axis Effects On Neuroinflammation,https://figpad.ai/scientific-visualization/microbiome-gut-brain-axis-soft-biomedical,A graphical abstract prompt worth saving. FigPad helps turn scientific ideas into editable figures with SVG/PPTX export. Comment 'prompt' if you want the link and exact prompt.,/Users/kk/Desktop/auto video/figpad_gallery_carousels/posts/graphical-abstract-template/049-microbiome-gut-brain-axis-effects-on-neuroinflammation/01_cover.png,/Users/kk/Desktop/auto video/figpad_gallery_carousels/posts/graphical-abstract-template/049-microbiome-gut-brain-axis-effects-on-neuroinflammation/02_prompt.png,/Users/kk/Desktop/auto video/figpad_gallery_carousels/posts/graphical-abstract-template/049-microbiome-gut-brain-axis-effects-on-neuroinflammation/03_feature.png,/Users/kk/Desktop/auto video/figpad_gallery_carousels/posts/graphical-abstract-template/049-microbiome-gut-brain-axis-effects-on-neuroinflammation/04_feature.png,/Users/kk/Desktop/auto video/figpad_gallery_carousels/posts/graphical-abstract-template/049-microbiome-gut-brain-axis-effects-on-neuroinflammation/05_cta.png
graphical-abstract-template-050,Graphical Abstracts,PROTAC-driven Targeted Protein Degradation Summary,https://figpad.ai/scientific-visualization/protac-driven-targeted-protein-clean-vector,A graphical abstract prompt worth saving. FigPad helps turn scientific ideas into editable figures with SVG/PPTX export. Comment 'prompt' if you want the link and exact prompt.,/Users/kk/Desktop/auto video/figpad_gallery_carousels/posts/graphical-abstract-template/050-protac-driven-targeted-protein-degradation-summary/01_cover.png,/Users/kk/Desktop/auto video/figpad_gallery_carousels/posts/graphical-abstract-template/050-protac-driven-targeted-protein-degradation-summary/02_prompt.png,/Users/kk/Desktop/auto video/figpad_gallery_carousels/posts/graphical-abstract-template/050-protac-driven-targeted-protein-degradation-summary/03_feature.png,/Users/kk/Desktop/auto video/figpad_gallery_carousels/posts/graphical-abstract-template/050-protac-driven-targeted-protein-degradation-summary/04_feature.png,/Users/kk/Desktop/auto video/figpad_gallery_carousels/posts/graphical-abstract-template/050-protac-driven-targeted-protein-degradation-summary/05_cta.png
graphical-abstract-template-051,Graphical Abstracts,Lipid Nanoparticle Mediated mRNA Delivery And Immune Activation,https://figpad.ai/scientific-visualization/lipid-nanoparticle-mediated-mrna-watercolor-texture-ink-line,A graphical abstract prompt worth saving. FigPad helps turn scientific ideas into editable figures with SVG/PPTX export. Comment 'prompt' if you want the link and exact prompt.,/Users/kk/Desktop/auto video/figpad_gallery_carousels/posts/graphical-abstract-template/051-lipid-nanoparticle-mediated-mrna-delivery-and-immune-activation/01_cover.png,/Users/kk/Desktop/auto video/figpad_gallery_carousels/posts/graphical-abstract-template/051-lipid-nanoparticle-mediated-mrna-delivery-and-immune-activation/02_prompt.png,/Users/kk/Desktop/auto video/figpad_gallery_carousels/posts/graphical-abstract-template/051-lipid-nanoparticle-mediated-mrna-delivery-and-immune-activation/03_feature.png,/Users/kk/Desktop/auto video/figpad_gallery_carousels/posts/graphical-abstract-template/051-lipid-nanoparticle-mediated-mrna-delivery-and-immune-activation/04_feature.png,/Users/kk/Desktop/auto video/figpad_gallery_carousels/posts/graphical-abstract-template/051-lipid-nanoparticle-mediated-mrna-delivery-and-immune-activation/05_cta.png
lab-equipment-diagram-052,Lab Apparatus,Triple Quadrupole Mass Spectrometer,https://figpad.ai/scientific-visualization/triple-quadrupole-mass-spectrometer,Scientific figure prompt you can reuse. FigPad helps turn scientific ideas into editable figures with SVG/PPTX export. Comment 'prompt' if you want the link and exact prompt.,/Users/kk/Desktop/auto video/figpad_gallery_carousels/posts/lab-equipment-diagram/052-triple-quadrupole-mass-spectrometer/01_cover.png,/Users/kk/Desktop/auto video/figpad_gallery_carousels/posts/lab-equipment-diagram/052-triple-quadrupole-mass-spectrometer/02_prompt.png,/Users/kk/Desktop/auto video/figpad_gallery_carousels/posts/lab-equipment-diagram/052-triple-quadrupole-mass-spectrometer/03_feature.png,/Users/kk/Desktop/auto video/figpad_gallery_carousels/posts/lab-equipment-diagram/052-triple-quadrupole-mass-spectrometer/04_feature.png,/Users/kk/Desktop/auto video/figpad_gallery_carousels/posts/lab-equipment-diagram/052-triple-quadrupole-mass-spectrometer/05_cta.png
lab-equipment-diagram-053,Lab Apparatus,Bruker 800 MHz NMR Spectrometer,https://figpad.ai/scientific-visualization/bruker-800-mhz-nmr,Scientific figure prompt you can reuse. FigPad helps turn scientific ideas into editable figures with SVG/PPTX export. Comment 'prompt' if you want the link and exact prompt.,/Users/kk/Desktop/auto video/figpad_gallery_carousels/posts/lab-equipment-diagram/053-bruker-800-mhz-nmr-spectrometer/01_cover.png,/Users/kk/Desktop/auto video/figpad_gallery_carousels/posts/lab-equipment-diagram/053-bruker-800-mhz-nmr-spectrometer/02_prompt.png,/Users/kk/Desktop/auto video/figpad_gallery_carousels/posts/lab-equipment-diagram/053-bruker-800-mhz-nmr-spectrometer/03_feature.png,/Users/kk/Desktop/auto video/figpad_gallery_carousels/posts/lab-equipment-diagram/053-bruker-800-mhz-nmr-spectrometer/04_feature.png,/Users/kk/Desktop/auto video/figpad_gallery_carousels/posts/lab-equipment-diagram/053-bruker-800-mhz-nmr-spectrometer/05_cta.png
lab-equipment-diagram-054,Lab Apparatus,Modern UHPLC System,https://figpad.ai/scientific-visualization/modern-uhplc-system,Scientific figure prompt you can reuse. FigPad helps turn scientific ideas into editable figures with SVG/PPTX export. Comment 'prompt' if you want the link and exact prompt.,/Users/kk/Desktop/auto video/figpad_gallery_carousels/posts/lab-equipment-diagram/054-modern-uhplc-system/01_cover.png,/Users/kk/Desktop/auto video/figpad_gallery_carousels/posts/lab-equipment-diagram/054-modern-uhplc-system/02_prompt.png,/Users/kk/Desktop/auto video/figpad_gallery_carousels/posts/lab-equipment-diagram/054-modern-uhplc-system/03_feature.png,/Users/kk/Desktop/auto video/figpad_gallery_carousels/posts/lab-equipment-diagram/054-modern-uhplc-system/04_feature.png,/Users/kk/Desktop/auto video/figpad_gallery_carousels/posts/lab-equipment-diagram/054-modern-uhplc-system/05_cta.png
lab-equipment-diagram-055,Lab Apparatus,Droplet Digital PCR (ddPCR) System,https://figpad.ai/scientific-visualization/droplet-digital-pcr-ddpcr,Scientific figure prompt you can reuse. FigPad helps turn scientific ideas into editable figures with SVG/PPTX export. Comment 'prompt' if you want the link and exact prompt.,/Users/kk/Desktop/auto video/figpad_gallery_carousels/posts/lab-equipment-diagram/055-droplet-digital-pcr-ddpcr-system/01_cover.png,/Users/kk/Desktop/auto video/figpad_gallery_carousels/posts/lab-equipment-diagram/055-droplet-digital-pcr-ddpcr-system/02_prompt.png,/Users/kk/Desktop/auto video/figpad_gallery_carousels/posts/lab-equipment-diagram/055-droplet-digital-pcr-ddpcr-system/03_feature.png,/Users/kk/Desktop/auto video/figpad_gallery_carousels/posts/lab-equipment-diagram/055-droplet-digital-pcr-ddpcr-system/04_feature.png,/Users/kk/Desktop/auto video/figpad_gallery_carousels/posts/lab-equipment-diagram/055-droplet-digital-pcr-ddpcr-system/05_cta.png
lab-equipment-diagram-056,Lab Apparatus,Next-generation DNA Sequencer (Illumina NovaSeq 6000),https://figpad.ai/scientific-visualization/next-generation-dna-sequencer,Scientific figure prompt you can reuse. FigPad helps turn scientific ideas into editable figures with SVG/PPTX export. Comment 'prompt' if you want the link and exact prompt.,/Users/kk/Desktop/auto video/figpad_gallery_carousels/posts/lab-equipment-diagram/056-next-generation-dna-sequencer-illumina-novaseq-6000/01_cover.png,/Users/kk/Desktop/auto video/figpad_gallery_carousels/posts/lab-equipment-diagram/056-next-generation-dna-sequencer-illumina-novaseq-6000/02_prompt.png,/Users/kk/Desktop/auto video/figpad_gallery_carousels/posts/lab-equipment-diagram/056-next-generation-dna-sequencer-illumina-novaseq-6000/03_feature.png,/Users/kk/Desktop/auto video/figpad_gallery_carousels/posts/lab-equipment-diagram/056-next-generation-dna-sequencer-illumina-novaseq-6000/04_feature.png,/Users/kk/Desktop/auto video/figpad_gallery_carousels/posts/lab-equipment-diagram/056-next-generation-dna-sequencer-illumina-novaseq-6000/05_cta.png
lab-equipment-diagram-057,Lab Apparatus,Lab-on-a-chip Microfluidic Device For Cell Sorting,https://figpad.ai/scientific-visualization/lab-on-chip-microfluidic,Scientific figure prompt you can reuse. FigPad helps turn scientific ideas into editable figures with SVG/PPTX export. Comment 'prompt' if you want the link and exact prompt.,/Users/kk/Desktop/auto video/figpad_gallery_carousels/posts/lab-equipment-diagram/057-lab-on-a-chip-microfluidic-device-for-cell-sorting/01_cover.png,/Users/kk/Desktop/auto video/figpad_gallery_carousels/posts/lab-equipment-diagram/057-lab-on-a-chip-microfluidic-device-for-cell-sorting/02_prompt.png,/Users/kk/Desktop/auto video/figpad_gallery_carousels/posts/lab-equipment-diagram/057-lab-on-a-chip-microfluidic-device-for-cell-sorting/03_feature.png,/Users/kk/Desktop/auto video/figpad_gallery_carousels/posts/lab-equipment-diagram/057-lab-on-a-chip-microfluidic-device-for-cell-sorting/04_feature.png,/Users/kk/Desktop/auto video/figpad_gallery_carousels/posts/lab-equipment-diagram/057-lab-on-a-chip-microfluidic-device-for-cell-sorting/05_cta.png
lab-equipment-diagram-058,Lab Apparatus,Confocal Microscope Optical Path And Detector Modules,https://figpad.ai/scientific-visualization/confocal-microscope-optical-path-isometric-technical,Scientific figure prompt you can reuse. FigPad helps turn scientific ideas into editable figures with SVG/PPTX export. Comment 'prompt' if you want the link and exact prompt.,/Users/kk/Desktop/auto video/figpad_gallery_carousels/posts/lab-equipment-diagram/058-confocal-microscope-optical-path-and-detector-modules/01_cover.png,/Users/kk/Desktop/auto video/figpad_gallery_carousels/posts/lab-equipment-diagram/058-confocal-microscope-optical-path-and-detector-modules/02_prompt.png,/Users/kk/Desktop/auto video/figpad_gallery_carousels/posts/lab-equipment-diagram/058-confocal-microscope-optical-path-and-detector-modules/03_feature.png,/Users/kk/Desktop/auto video/figpad_gallery_carousels/posts/lab-equipment-diagram/058-confocal-microscope-optical-path-and-detector-modules/04_feature.png,/Users/kk/Desktop/auto video/figpad_gallery_carousels/posts/lab-equipment-diagram/058-confocal-microscope-optical-path-and-detector-modules/05_cta.png
lab-equipment-diagram-059,Lab Apparatus,Microfluidic Chip Layout With Mixing And Reaction Chambers,https://figpad.ai/scientific-visualization/microfluidic-chip-layout-mixing-3d-cutaway,Scientific figure prompt you can reuse. FigPad helps turn scientific ideas into editable figures with SVG/PPTX export. Comment 'prompt' if you want the link and exact prompt.,/Users/kk/Desktop/auto video/figpad_gallery_carousels/posts/lab-equipment-diagram/059-microfluidic-chip-layout-with-mixing-and-reaction-chambers/01_cover.png,/Users/kk/Desktop/auto video/figpad_gallery_carousels/posts/lab-equipment-diagram/059-microfluidic-chip-layout-with-mixing-and-reaction-chambers/02_prompt.png,/Users/kk/Desktop/auto video/figpad_gallery_carousels/posts/lab-equipment-diagram/059-microfluidic-chip-layout-with-mixing-and-reaction-chambers/03_feature.png,/Users/kk/Desktop/auto video/figpad_gallery_carousels/posts/lab-equipment-diagram/059-microfluidic-chip-layout-with-mixing-and-reaction-chambers/04_feature.png,/Users/kk/Desktop/auto video/figpad_gallery_carousels/posts/lab-equipment-diagram/059-microfluidic-chip-layout-with-mixing-and-reaction-chambers/05_cta.png
lab-equipment-diagram-060,Lab Apparatus,Bioreactor Architecture With Sensor And Gas-control Loops,https://figpad.ai/scientific-visualization/bioreactor-architecture-sensor-gas-scientific-engraving-monochrome,Scientific figure prompt you can reuse. FigPad helps turn scientific ideas into editable figures with SVG/PPTX export. Comment 'prompt' if you want the link and exact prompt.,/Users/kk/Desktop/auto video/figpad_gallery_carousels/posts/lab-equipment-diagram/060-bioreactor-architecture-with-sensor-and-gas-control-loops/01_cover.png,/Users/kk/Desktop/auto video/figpad_gallery_carousels/posts/lab-equipment-diagram/060-bioreactor-architecture-with-sensor-and-gas-control-loops/02_prompt.png,/Users/kk/Desktop/auto video/figpad_gallery_carousels/posts/lab-equipment-diagram/060-bioreactor-architecture-with-sensor-and-gas-control-loops/03_feature.png,/Users/kk/Desktop/auto video/figpad_gallery_carousels/posts/lab-equipment-diagram/060-bioreactor-architecture-with-sensor-and-gas-control-loops/04_feature.png,/Users/kk/Desktop/auto video/figpad_gallery_carousels/posts/lab-equipment-diagram/060-bioreactor-architecture-with-sensor-and-gas-control-loops/05_cta.png
lab-equipment-diagram-061,Lab Apparatus,High-performance Liquid Chromatography System Flow Path,https://figpad.ai/scientific-visualization/high-performance-liquid-chromatography-watercolor-texture-ink-line,Scientific figure prompt you can reuse. FigPad helps turn scientific ideas into editable figures with SVG/PPTX export. Comment 'prompt' if you want the link and exact prompt.,/Users/kk/Desktop/auto video/figpad_gallery_carousels/posts/lab-equipment-diagram/061-high-performance-liquid-chromatography-system-flow-path/01_cover.png,/Users/kk/Desktop/auto video/figpad_gallery_carousels/posts/lab-equipment-diagram/061-high-performance-liquid-chromatography-system-flow-path/02_prompt.png,/Users/kk/Desktop/auto video/figpad_gallery_carousels/posts/lab-equipment-diagram/061-high-performance-liquid-chromatography-system-flow-path/03_feature.png,/Users/kk/Desktop/auto video/figpad_gallery_carousels/posts/lab-equipment-diagram/061-high-performance-liquid-chromatography-system-flow-path/04_feature.png,/Users/kk/Desktop/auto video/figpad_gallery_carousels/posts/lab-equipment-diagram/061-high-performance-liquid-chromatography-system-flow-path/05_cta.png
lab-equipment-diagram-062,Lab Apparatus,Mass Spectrometer Triple-quadrupole Structure And Ion Trajectory,https://figpad.ai/scientific-visualization/mass-spectrometer-triple-quadrupole,Scientific figure prompt you can reuse. FigPad helps turn scientific ideas into editable figures with SVG/PPTX export. Comment 'prompt' if you want the link and exact prompt.,/Users/kk/Desktop/auto video/figpad_gallery_carousels/posts/lab-equipment-diagram/062-mass-spectrometer-triple-quadrupole-structure-and-ion-trajectory/01_cover.png,/Users/kk/Desktop/auto video/figpad_gallery_carousels/posts/lab-equipment-diagram/062-mass-spectrometer-triple-quadrupole-structure-and-ion-trajectory/02_prompt.png,/Users/kk/Desktop/auto video/figpad_gallery_carousels/posts/lab-equipment-diagram/062-mass-spectrometer-triple-quadrupole-structure-and-ion-trajectory/03_feature.png,/Users/kk/Desktop/auto video/figpad_gallery_carousels/posts/lab-equipment-diagram/062-mass-spectrometer-triple-quadrupole-structure-and-ion-trajectory/04_feature.png,/Users/kk/Desktop/auto video/figpad_gallery_carousels/posts/lab-equipment-diagram/062-mass-spectrometer-triple-quadrupole-structure-and-ion-trajectory/05_cta.png
lab-equipment-diagram-063,Lab Apparatus,Cryo-EM Instrument Section With Electron Beam Direction,https://figpad.ai/scientific-visualization/cryo-em-instrument-section,Scientific figure prompt you can reuse. FigPad helps turn scientific ideas into editable figures with SVG/PPTX export. Comment 'prompt' if you want the link and exact prompt.,/Users/kk/Desktop/auto video/figpad_gallery_carousels/posts/lab-equipment-diagram/063-cryo-em-instrument-section-with-electron-beam-direction/01_cover.png,/Users/kk/Desktop/auto video/figpad_gallery_carousels/posts/lab-equipment-diagram/063-cryo-em-instrument-section-with-electron-beam-direction/02_prompt.png,/Users/kk/Desktop/auto video/figpad_gallery_carousels/posts/lab-equipment-diagram/063-cryo-em-instrument-section-with-electron-beam-direction/03_feature.png,/Users/kk/Desktop/auto video/figpad_gallery_carousels/posts/lab-equipment-diagram/063-cryo-em-instrument-section-with-electron-beam-direction/04_feature.png,/Users/kk/Desktop/auto video/figpad_gallery_carousels/posts/lab-equipment-diagram/063-cryo-em-instrument-section-with-electron-beam-direction/05_cta.png
lab-equipment-diagram-064,Lab Apparatus,Confocal Microscope Optical Path And Detector Modules,https://figpad.ai/scientific-visualization/confocal-microscope-optical-path-scientific-engraving-monochrome,Scientific figure prompt you can reuse. FigPad helps turn scientific ideas into editable figures with SVG/PPTX export. Comment 'prompt' if you want the link and exact prompt.,/Users/kk/Desktop/auto video/figpad_gallery_carousels/posts/lab-equipment-diagram/064-confocal-microscope-optical-path-and-detector-modules/01_cover.png,/Users/kk/Desktop/auto video/figpad_gallery_carousels/posts/lab-equipment-diagram/064-confocal-microscope-optical-path-and-detector-modules/02_prompt.png,/Users/kk/Desktop/auto video/figpad_gallery_carousels/posts/lab-equipment-diagram/064-confocal-microscope-optical-path-and-detector-modules/03_feature.png,/Users/kk/Desktop/auto video/figpad_gallery_carousels/posts/lab-equipment-diagram/064-confocal-microscope-optical-path-and-detector-modules/04_feature.png,/Users/kk/Desktop/auto video/figpad_gallery_carousels/posts/lab-equipment-diagram/064-confocal-microscope-optical-path-and-detector-modules/05_cta.png
lab-equipment-diagram-065,Lab Apparatus,Microfluidic Chip Layout With Mixing And Reaction Chambers,https://figpad.ai/scientific-visualization/microfluidic-chip-layout-mixing-watercolor-texture-ink-line,Scientific figure prompt you can reuse. FigPad helps turn scientific ideas into editable figures with SVG/PPTX export. Comment 'prompt' if you want the link and exact prompt.,/Users/kk/Desktop/auto video/figpad_gallery_carousels/posts/lab-equipment-diagram/065-microfluidic-chip-layout-with-mixing-and-reaction-chambers/01_cover.png,/Users/kk/Desktop/auto video/figpad_gallery_carousels/posts/lab-equipment-diagram/065-microfluidic-chip-layout-with-mixing-and-reaction-chambers/02_prompt.png,/Users/kk/Desktop/auto video/figpad_gallery_carousels/posts/lab-equipment-diagram/065-microfluidic-chip-layout-with-mixing-and-reaction-chambers/03_feature.png,/Users/kk/Desktop/auto video/figpad_gallery_carousels/posts/lab-equipment-diagram/065-microfluidic-chip-layout-with-mixing-and-reaction-chambers/04_feature.png,/Users/kk/Desktop/auto video/figpad_gallery_carousels/posts/lab-equipment-diagram/065-microfluidic-chip-layout-with-mixing-and-reaction-chambers/05_cta.png
lab-equipment-diagram-066,Lab Apparatus,Bioreactor Architecture With Sensor And Gas-control Loops,https://figpad.ai/scientific-visualization/bioreactor-architecture-sensor-gas-isometric-technical,Scientific figure prompt you can reuse. FigPad helps turn scientific ideas into editable figures with SVG/PPTX export. Comment 'prompt' if you want the link and exact prompt.,/Users/kk/Desktop/auto video/figpad_gallery_carousels/posts/lab-equipment-diagram/066-bioreactor-architecture-with-sensor-and-gas-control-loops/01_cover.png,/Users/kk/Desktop/auto video/figpad_gallery_carousels/posts/lab-equipment-diagram/066-bioreactor-architecture-with-sensor-and-gas-control-loops/02_prompt.png,/Users/kk/Desktop/auto video/figpad_gallery_carousels/posts/lab-equipment-diagram/066-bioreactor-architecture-with-sensor-and-gas-control-loops/03_feature.png,/Users/kk/Desktop/auto video/figpad_gallery_carousels/posts/lab-equipment-diagram/066-bioreactor-architecture-with-sensor-and-gas-control-loops/04_feature.png,/Users/kk/Desktop/auto video/figpad_gallery_carousels/posts/lab-equipment-diagram/066-bioreactor-architecture-with-sensor-and-gas-control-loops/05_cta.png
lab-equipment-diagram-067,Lab Apparatus,High-performance Liquid Chromatography System Flow Path,https://figpad.ai/scientific-visualization/high-performance-liquid-chromatography-3d-cutaway,Scientific figure prompt you can reuse. FigPad helps turn scientific ideas into editable figures with SVG/PPTX export. Comment 'prompt' if you want the link and exact prompt.,/Users/kk/Desktop/auto video/figpad_gallery_carousels/posts/lab-equipment-diagram/067-high-performance-liquid-chromatography-system-flow-path/01_cover.png,/Users/kk/Desktop/auto video/figpad_gallery_carousels/posts/lab-equipment-diagram/067-high-performance-liquid-chromatography-system-flow-path/02_prompt.png,/Users/kk/Desktop/auto video/figpad_gallery_carousels/posts/lab-equipment-diagram/067-high-performance-liquid-chromatography-system-flow-path/03_feature.png,/Users/kk/Desktop/auto video/figpad_gallery_carousels/posts/lab-equipment-diagram/067-high-performance-liquid-chromatography-system-flow-path/04_feature.png,/Users/kk/Desktop/auto video/figpad_gallery_carousels/posts/lab-equipment-diagram/067-high-performance-liquid-chromatography-system-flow-path/05_cta.png
microstructure-diagram-068,Micro Structures,Neuron Synapse Ultrastructure With Vesicles And Postsynaptic Density,https://figpad.ai/scientific-visualization/neuron-synapse-ultrastructure-vesicles-soft-biomedical,Scientific figure prompt you can reuse. FigPad helps turn scientific ideas into editable figures with SVG/PPTX export. Comment 'prompt' if you want the link and exact prompt.,/Users/kk/Desktop/auto video/figpad_gallery_carousels/posts/microstructure-diagram/068-neuron-synapse-ultrastructure-with-vesicles-and-postsynaptic-density/01_cover.png,/Users/kk/Desktop/auto video/figpad_gallery_carousels/posts/microstructure-diagram/068-neuron-synapse-ultrastructure-with-vesicles-and-postsynaptic-density/02_prompt.png,/Users/kk/Desktop/auto video/figpad_gallery_carousels/posts/microstructure-diagram/068-neuron-synapse-ultrastructure-with-vesicles-and-postsynaptic-density/03_feature.png,/Users/kk/Desktop/auto video/figpad_gallery_carousels/posts/microstructure-diagram/068-neuron-synapse-ultrastructure-with-vesicles-and-postsynaptic-density/04_feature.png,/Users/kk/Desktop/auto video/figpad_gallery_carousels/posts/microstructure-diagram/068-neuron-synapse-ultrastructure-with-vesicles-and-postsynaptic-density/05_cta.png
microstructure-diagram-069,Micro Structures,Mitochondrial Inner Membrane Cristae And ATP Synthase Arrangement,https://figpad.ai/scientific-visualization/mitochondrial-inner-membrane-cristae-watercolor-texture-ink-line,Scientific figure prompt you can reuse. FigPad helps turn scientific ideas into editable figures with SVG/PPTX export. Comment 'prompt' if you want the link and exact prompt.,/Users/kk/Desktop/auto video/figpad_gallery_carousels/posts/microstructure-diagram/069-mitochondrial-inner-membrane-cristae-and-atp-synthase-arrangement/01_cover.png,/Users/kk/Desktop/auto video/figpad_gallery_carousels/posts/microstructure-diagram/069-mitochondrial-inner-membrane-cristae-and-atp-synthase-arrangement/02_prompt.png,/Users/kk/Desktop/auto video/figpad_gallery_carousels/posts/microstructure-diagram/069-mitochondrial-inner-membrane-cristae-and-atp-synthase-arrangement/03_feature.png,/Users/kk/Desktop/auto video/figpad_gallery_carousels/posts/microstructure-diagram/069-mitochondrial-inner-membrane-cristae-and-atp-synthase-arrangement/04_feature.png,/Users/kk/Desktop/auto video/figpad_gallery_carousels/posts/microstructure-diagram/069-mitochondrial-inner-membrane-cristae-and-atp-synthase-arrangement/05_cta.png
microstructure-diagram-070,Micro Structures,Plant Chloroplast Grana And Stroma Lamellae Cross-view,https://figpad.ai/scientific-visualization/plant-chloroplast-grana-stroma-botanical-field-guide,Scientific figure prompt you can reuse. FigPad helps turn scientific ideas into editable figures with SVG/PPTX export. Comment 'prompt' if you want the link and exact prompt.,/Users/kk/Desktop/auto video/figpad_gallery_carousels/posts/microstructure-diagram/070-plant-chloroplast-grana-and-stroma-lamellae-cross-view/01_cover.png,/Users/kk/Desktop/auto video/figpad_gallery_carousels/posts/microstructure-diagram/070-plant-chloroplast-grana-and-stroma-lamellae-cross-view/02_prompt.png,/Users/kk/Desktop/auto video/figpad_gallery_carousels/posts/microstructure-diagram/070-plant-chloroplast-grana-and-stroma-lamellae-cross-view/03_feature.png,/Users/kk/Desktop/auto video/figpad_gallery_carousels/posts/microstructure-diagram/070-plant-chloroplast-grana-and-stroma-lamellae-cross-view/04_feature.png,/Users/kk/Desktop/auto video/figpad_gallery_carousels/posts/microstructure-diagram/070-plant-chloroplast-grana-and-stroma-lamellae-cross-view/05_cta.png
microstructure-diagram-071,Micro Structures,Gram-positive Versus Gram-negative Bacterial Envelope Comparison,https://figpad.ai/scientific-visualization/gram-positive-versus-gram-3d-cutaway,Scientific figure prompt you can reuse. FigPad helps turn scientific ideas into editable figures with SVG/PPTX export. Comment 'prompt' if you want the link and exact prompt.,/Users/kk/Desktop/auto video/figpad_gallery_carousels/posts/microstructure-diagram/071-gram-positive-versus-gram-negative-bacterial-envelope-comparison/01_cover.png,/Users/kk/Desktop/auto video/figpad_gallery_carousels/posts/microstructure-diagram/071-gram-positive-versus-gram-negative-bacterial-envelope-comparison/02_prompt.png,/Users/kk/Desktop/auto video/figpad_gallery_carousels/posts/microstructure-diagram/071-gram-positive-versus-gram-negative-bacterial-envelope-comparison/03_feature.png,/Users/kk/Desktop/auto video/figpad_gallery_carousels/posts/microstructure-diagram/071-gram-positive-versus-gram-negative-bacterial-envelope-comparison/04_feature.png,/Users/kk/Desktop/auto video/figpad_gallery_carousels/posts/microstructure-diagram/071-gram-positive-versus-gram-negative-bacterial-envelope-comparison/05_cta.png
microstructure-diagram-072,Micro Structures,Kidney Glomerulus Filtration Barrier Microanatomy,https://figpad.ai/scientific-visualization/kidney-glomerulus-filtration-barrier-soft-biomedical,Scientific figure prompt you can reuse. FigPad helps turn scientific ideas into editable figures with SVG/PPTX export. Comment 'prompt' if you want the link and exact prompt.,/Users/kk/Desktop/auto video/figpad_gallery_carousels/posts/microstructure-diagram/072-kidney-glomerulus-filtration-barrier-microanatomy/01_cover.png,/Users/kk/Desktop/auto video/figpad_gallery_carousels/posts/microstructure-diagram/072-kidney-glomerulus-filtration-barrier-microanatomy/02_prompt.png,/Users/kk/Desktop/auto video/figpad_gallery_carousels/posts/microstructure-diagram/072-kidney-glomerulus-filtration-barrier-microanatomy/03_feature.png,/Users/kk/Desktop/auto video/figpad_gallery_carousels/posts/microstructure-diagram/072-kidney-glomerulus-filtration-barrier-microanatomy/04_feature.png,/Users/kk/Desktop/auto video/figpad_gallery_carousels/posts/microstructure-diagram/072-kidney-glomerulus-filtration-barrier-microanatomy/05_cta.png
microstructure-diagram-073,Micro Structures,Composite Nanomaterial Microstructure With Multi-scale Grains,https://figpad.ai/scientific-visualization/composite-nanomaterial-microstructure-multi,Scientific figure prompt you can reuse. FigPad helps turn scientific ideas into editable figures with SVG/PPTX export. Comment 'prompt' if you want the link and exact prompt.,/Users/kk/Desktop/auto video/figpad_gallery_carousels/posts/microstructure-diagram/073-composite-nanomaterial-microstructure-with-multi-scale-grains/01_cover.png,/Users/kk/Desktop/auto video/figpad_gallery_carousels/posts/microstructure-diagram/073-composite-nanomaterial-microstructure-with-multi-scale-grains/02_prompt.png,/Users/kk/Desktop/auto video/figpad_gallery_carousels/posts/microstructure-diagram/073-composite-nanomaterial-microstructure-with-multi-scale-grains/03_feature.png,/Users/kk/Desktop/auto video/figpad_gallery_carousels/posts/microstructure-diagram/073-composite-nanomaterial-microstructure-with-multi-scale-grains/04_feature.png,/Users/kk/Desktop/auto video/figpad_gallery_carousels/posts/microstructure-diagram/073-composite-nanomaterial-microstructure-with-multi-scale-grains/05_cta.png
microstructure-diagram-074,Micro Structures,Neuron Synapse Ultrastructure With Vesicles And Postsynaptic Density,https://figpad.ai/scientific-visualization/neuron-synapse-ultrastructure-vesicles-botanical-field-guide,Scientific figure prompt you can reuse. FigPad helps turn scientific ideas into editable figures with SVG/PPTX export. Comment 'prompt' if you want the link and exact prompt.,/Users/kk/Desktop/auto video/figpad_gallery_carousels/posts/microstructure-diagram/074-neuron-synapse-ultrastructure-with-vesicles-and-postsynaptic-density/01_cover.png,/Users/kk/Desktop/auto video/figpad_gallery_carousels/posts/microstructure-diagram/074-neuron-synapse-ultrastructure-with-vesicles-and-postsynaptic-density/02_prompt.png,/Users/kk/Desktop/auto video/figpad_gallery_carousels/posts/microstructure-diagram/074-neuron-synapse-ultrastructure-with-vesicles-and-postsynaptic-density/03_feature.png,/Users/kk/Desktop/auto video/figpad_gallery_carousels/posts/microstructure-diagram/074-neuron-synapse-ultrastructure-with-vesicles-and-postsynaptic-density/04_feature.png,/Users/kk/Desktop/auto video/figpad_gallery_carousels/posts/microstructure-diagram/074-neuron-synapse-ultrastructure-with-vesicles-and-postsynaptic-density/05_cta.png
microstructure-diagram-075,Micro Structures,Mitochondrial Inner Membrane Cristae And ATP Synthase Arrangement,https://figpad.ai/scientific-visualization/mitochondrial-inner-membrane-cristae-3d-cutaway,Scientific figure prompt you can reuse. FigPad helps turn scientific ideas into editable figures with SVG/PPTX export. Comment 'prompt' if you want the link and exact prompt.,/Users/kk/Desktop/auto video/figpad_gallery_carousels/posts/microstructure-diagram/075-mitochondrial-inner-membrane-cristae-and-atp-synthase-arrangement/01_cover.png,/Users/kk/Desktop/auto video/figpad_gallery_carousels/posts/microstructure-diagram/075-mitochondrial-inner-membrane-cristae-and-atp-synthase-arrangement/02_prompt.png,/Users/kk/Desktop/auto video/figpad_gallery_carousels/posts/microstructure-diagram/075-mitochondrial-inner-membrane-cristae-and-atp-synthase-arrangement/03_feature.png,/Users/kk/Desktop/auto video/figpad_gallery_carousels/posts/microstructure-diagram/075-mitochondrial-inner-membrane-cristae-and-atp-synthase-arrangement/04_feature.png,/Users/kk/Desktop/auto video/figpad_gallery_carousels/posts/microstructure-diagram/075-mitochondrial-inner-membrane-cristae-and-atp-synthase-arrangement/05_cta.png
microstructure-diagram-076,Micro Structures,Plant Chloroplast Grana And Stroma Lamellae Cross-view,https://figpad.ai/scientific-visualization/plant-chloroplast-grana-stroma-soft-biomedical,Scientific figure prompt you can reuse. FigPad helps turn scientific ideas into editable figures with SVG/PPTX export. Comment 'prompt' if you want the link and exact prompt.,/Users/kk/Desktop/auto video/figpad_gallery_carousels/posts/microstructure-diagram/076-plant-chloroplast-grana-and-stroma-lamellae-cross-view/01_cover.png,/Users/kk/Desktop/auto video/figpad_gallery_carousels/posts/microstructure-diagram/076-plant-chloroplast-grana-and-stroma-lamellae-cross-view/02_prompt.png,/Users/kk/Desktop/auto video/figpad_gallery_carousels/posts/microstructure-diagram/076-plant-chloroplast-grana-and-stroma-lamellae-cross-view/03_feature.png,/Users/kk/Desktop/auto video/figpad_gallery_carousels/posts/microstructure-diagram/076-plant-chloroplast-grana-and-stroma-lamellae-cross-view/04_feature.png,/Users/kk/Desktop/auto video/figpad_gallery_carousels/posts/microstructure-diagram/076-plant-chloroplast-grana-and-stroma-lamellae-cross-view/05_cta.png
microstructure-diagram-077,Micro Structures,Gram-positive Versus Gram-negative Bacterial Envelope Comparison,https://figpad.ai/scientific-visualization/gram-positive-versus-gram-watercolor-texture-ink-line,Scientific figure prompt you can reuse. FigPad helps turn scientific ideas into editable figures with SVG/PPTX export. Comment 'prompt' if you want the link and exact prompt.,/Users/kk/Desktop/auto video/figpad_gallery_carousels/posts/microstructure-diagram/077-gram-positive-versus-gram-negative-bacterial-envelope-comparison/01_cover.png,/Users/kk/Desktop/auto video/figpad_gallery_carousels/posts/microstructure-diagram/077-gram-positive-versus-gram-negative-bacterial-envelope-comparison/02_prompt.png,/Users/kk/Desktop/auto video/figpad_gallery_carousels/posts/microstructure-diagram/077-gram-positive-versus-gram-negative-bacterial-envelope-comparison/03_feature.png,/Users/kk/Desktop/auto video/figpad_gallery_carousels/posts/microstructure-diagram/077-gram-positive-versus-gram-negative-bacterial-envelope-comparison/04_feature.png,/Users/kk/Desktop/auto video/figpad_gallery_carousels/posts/microstructure-diagram/077-gram-positive-versus-gram-negative-bacterial-envelope-comparison/05_cta.png
microstructure-diagram-078,Micro Structures,Neuron Synapse Ultrastructure With Vesicles And Postsynaptic Density,https://figpad.ai/scientific-visualization/neuron-synapse-ultrastructure-vesicles-soft-biomedical-variant-2,Scientific figure prompt you can reuse. FigPad helps turn scientific ideas into editable figures with SVG/PPTX export. Comment 'prompt' if you want the link and exact prompt.,/Users/kk/Desktop/auto video/figpad_gallery_carousels/posts/microstructure-diagram/078-neuron-synapse-ultrastructure-with-vesicles-and-postsynaptic-density/01_cover.png,/Users/kk/Desktop/auto video/figpad_gallery_carousels/posts/microstructure-diagram/078-neuron-synapse-ultrastructure-with-vesicles-and-postsynaptic-density/02_prompt.png,/Users/kk/Desktop/auto video/figpad_gallery_carousels/posts/microstructure-diagram/078-neuron-synapse-ultrastructure-with-vesicles-and-postsynaptic-density/03_feature.png,/Users/kk/Desktop/auto video/figpad_gallery_carousels/posts/microstructure-diagram/078-neuron-synapse-ultrastructure-with-vesicles-and-postsynaptic-density/04_feature.png,/Users/kk/Desktop/auto video/figpad_gallery_carousels/posts/microstructure-diagram/078-neuron-synapse-ultrastructure-with-vesicles-and-postsynaptic-density/05_cta.png
microstructure-diagram-079,Micro Structures,Mitochondrial Inner Membrane Cristae And ATP Synthase Arrangement,https://figpad.ai/scientific-visualization/mitochondrial-inner-membrane-cristae-watercolor-texture-ink-line-variant-2,Scientific figure prompt you can reuse. FigPad helps turn scientific ideas into editable figures with SVG/PPTX export. Comment 'prompt' if you want the link and exact prompt.,/Users/kk/Desktop/auto video/figpad_gallery_carousels/posts/microstructure-diagram/079-mitochondrial-inner-membrane-cristae-and-atp-synthase-arrangement/01_cover.png,/Users/kk/Desktop/auto video/figpad_gallery_carousels/posts/microstructure-diagram/079-mitochondrial-inner-membrane-cristae-and-atp-synthase-arrangement/02_prompt.png,/Users/kk/Desktop/auto video/figpad_gallery_carousels/posts/microstructure-diagram/079-mitochondrial-inner-membrane-cristae-and-atp-synthase-arrangement/03_feature.png,/Users/kk/Desktop/auto video/figpad_gallery_carousels/posts/microstructure-diagram/079-mitochondrial-inner-membrane-cristae-and-atp-synthase-arrangement/04_feature.png,/Users/kk/Desktop/auto video/figpad_gallery_carousels/posts/microstructure-diagram/079-mitochondrial-inner-membrane-cristae-and-atp-synthase-arrangement/05_cta.png
microstructure-diagram-080,Micro Structures,Plant Chloroplast Grana And Stroma Lamellae Cross-view,https://figpad.ai/scientific-visualization/plant-chloroplast-grana-stroma-botanical-field-guide-variant-2,Scientific figure prompt you can reuse. FigPad helps turn scientific ideas into editable figures with SVG/PPTX export. Comment 'prompt' if you want the link and exact prompt.,/Users/kk/Desktop/auto video/figpad_gallery_carousels/posts/microstructure-diagram/080-plant-chloroplast-grana-and-stroma-lamellae-cross-view/01_cover.png,/Users/kk/Desktop/auto video/figpad_gallery_carousels/posts/microstructure-diagram/080-plant-chloroplast-grana-and-stroma-lamellae-cross-view/02_prompt.png,/Users/kk/Desktop/auto video/figpad_gallery_carousels/posts/microstructure-diagram/080-plant-chloroplast-grana-and-stroma-lamellae-cross-view/03_feature.png,/Users/kk/Desktop/auto video/figpad_gallery_carousels/posts/microstructure-diagram/080-plant-chloroplast-grana-and-stroma-lamellae-cross-view/04_feature.png,/Users/kk/Desktop/auto video/figpad_gallery_carousels/posts/microstructure-diagram/080-plant-chloroplast-grana-and-stroma-lamellae-cross-view/05_cta.png
microstructure-diagram-081,Micro Structures,Gram-positive Versus Gram-negative Bacterial Envelope Comparison,https://figpad.ai/scientific-visualization/gram-positive-versus-gram-3d-cutaway-variant-2,Scientific figure prompt you can reuse. FigPad helps turn scientific ideas into editable figures with SVG/PPTX export. Comment 'prompt' if you want the link and exact prompt.,/Users/kk/Desktop/auto video/figpad_gallery_carousels/posts/microstructure-diagram/081-gram-positive-versus-gram-negative-bacterial-envelope-comparison/01_cover.png,/Users/kk/Desktop/auto video/figpad_gallery_carousels/posts/microstructure-diagram/081-gram-positive-versus-gram-negative-bacterial-envelope-comparison/02_prompt.png,/Users/kk/Desktop/auto video/figpad_gallery_carousels/posts/microstructure-diagram/081-gram-positive-versus-gram-negative-bacterial-envelope-comparison/03_feature.png,/Users/kk/Desktop/auto video/figpad_gallery_carousels/posts/microstructure-diagram/081-gram-positive-versus-gram-negative-bacterial-envelope-comparison/04_feature.png,/Users/kk/Desktop/auto video/figpad_gallery_carousels/posts/microstructure-diagram/081-gram-positive-versus-gram-negative-bacterial-envelope-comparison/05_cta.png
microstructure-diagram-082,Micro Structures,Kidney Glomerulus Filtration Barrier Microanatomy,https://figpad.ai/scientific-visualization/kidney-glomerulus-filtration-barrier-soft-biomedical-variant-2,Scientific figure prompt you can reuse. FigPad helps turn scientific ideas into editable figures with SVG/PPTX export. Comment 'prompt' if you want the link and exact prompt.,/Users/kk/Desktop/auto video/figpad_gallery_carousels/posts/microstructure-diagram/082-kidney-glomerulus-filtration-barrier-microanatomy/01_cover.png,/Users/kk/Desktop/auto video/figpad_gallery_carousels/posts/microstructure-diagram/082-kidney-glomerulus-filtration-barrier-microanatomy/02_prompt.png,/Users/kk/Desktop/auto video/figpad_gallery_carousels/posts/microstructure-diagram/082-kidney-glomerulus-filtration-barrier-microanatomy/03_feature.png,/Users/kk/Desktop/auto video/figpad_gallery_carousels/posts/microstructure-diagram/082-kidney-glomerulus-filtration-barrier-microanatomy/04_feature.png,/Users/kk/Desktop/auto video/figpad_gallery_carousels/posts/microstructure-diagram/082-kidney-glomerulus-filtration-barrier-microanatomy/05_cta.png
network-diagram-083,Systems & Networks,Transformer Model Architecture With Attention And Feed-forward Blocks,https://figpad.ai/scientific-visualization/transformer-model-architecture-attention-schematic-minimal,Scientific figure prompt you can reuse. FigPad helps turn scientific ideas into editable figures with SVG/PPTX export. Comment 'prompt' if you want the link and exact prompt.,/Users/kk/Desktop/auto video/figpad_gallery_carousels/posts/network-diagram/083-transformer-model-architecture-with-attention-and-feed-forward-blocks/01_cover.png,/Users/kk/Desktop/auto video/figpad_gallery_carousels/posts/network-diagram/083-transformer-model-architecture-with-attention-and-feed-forward-blocks/02_prompt.png,/Users/kk/Desktop/auto video/figpad_gallery_carousels/posts/network-diagram/083-transformer-model-architecture-with-attention-and-feed-forward-blocks/03_feature.png,/Users/kk/Desktop/auto video/figpad_gallery_carousels/posts/network-diagram/083-transformer-model-architecture-with-attention-and-feed-forward-blocks/04_feature.png,/Users/kk/Desktop/auto video/figpad_gallery_carousels/posts/network-diagram/083-transformer-model-architecture-with-attention-and-feed-forward-blocks/05_cta.png
network-diagram-084,Systems & Networks,Protein-protein Interaction Network With Modular Hubs,https://figpad.ai/scientific-visualization/protein-protein-interaction-network-clean-vector,Scientific figure prompt you can reuse. FigPad helps turn scientific ideas into editable figures with SVG/PPTX export. Comment 'prompt' if you want the link and exact prompt.,/Users/kk/Desktop/auto video/figpad_gallery_carousels/posts/network-diagram/084-protein-protein-interaction-network-with-modular-hubs/01_cover.png,/Users/kk/Desktop/auto video/figpad_gallery_carousels/posts/network-diagram/084-protein-protein-interaction-network-with-modular-hubs/02_prompt.png,/Users/kk/Desktop/auto video/figpad_gallery_carousels/posts/network-diagram/084-protein-protein-interaction-network-with-modular-hubs/03_feature.png,/Users/kk/Desktop/auto video/figpad_gallery_carousels/posts/network-diagram/084-protein-protein-interaction-network-with-modular-hubs/04_feature.png,/Users/kk/Desktop/auto video/figpad_gallery_carousels/posts/network-diagram/084-protein-protein-interaction-network-with-modular-hubs/05_cta.png
network-diagram-085,Systems & Networks,Clinical Data Lakehouse Architecture With ETL And Feature Store,https://figpad.ai/scientific-visualization/clinical-data-lakehouse-architecture-isometric-technical,Scientific figure prompt you can reuse. FigPad helps turn scientific ideas into editable figures with SVG/PPTX export. Comment 'prompt' if you want the link and exact prompt.,/Users/kk/Desktop/auto video/figpad_gallery_carousels/posts/network-diagram/085-clinical-data-lakehouse-architecture-with-etl-and-feature-store/01_cover.png,/Users/kk/Desktop/auto video/figpad_gallery_carousels/posts/network-diagram/085-clinical-data-lakehouse-architecture-with-etl-and-feature-store/02_prompt.png,/Users/kk/Desktop/auto video/figpad_gallery_carousels/posts/network-diagram/085-clinical-data-lakehouse-architecture-with-etl-and-feature-store/03_feature.png,/Users/kk/Desktop/auto video/figpad_gallery_carousels/posts/network-diagram/085-clinical-data-lakehouse-architecture-with-etl-and-feature-store/04_feature.png,/Users/kk/Desktop/auto video/figpad_gallery_carousels/posts/network-diagram/085-clinical-data-lakehouse-architecture-with-etl-and-feature-store/05_cta.png
network-diagram-086,Systems & Networks,Microservice System Topology With Gateway And Async Messaging,https://figpad.ai/scientific-visualization/microservice-system-topology-gateway-scientific-engraving-monochrome,Scientific figure prompt you can reuse. FigPad helps turn scientific ideas into editable figures with SVG/PPTX export. Comment 'prompt' if you want the link and exact prompt.,/Users/kk/Desktop/auto video/figpad_gallery_carousels/posts/network-diagram/086-microservice-system-topology-with-gateway-and-async-messaging/01_cover.png,/Users/kk/Desktop/auto video/figpad_gallery_carousels/posts/network-diagram/086-microservice-system-topology-with-gateway-and-async-messaging/02_prompt.png,/Users/kk/Desktop/auto video/figpad_gallery_carousels/posts/network-diagram/086-microservice-system-topology-with-gateway-and-async-messaging/03_feature.png,/Users/kk/Desktop/auto video/figpad_gallery_carousels/posts/network-diagram/086-microservice-system-topology-with-gateway-and-async-messaging/04_feature.png,/Users/kk/Desktop/auto video/figpad_gallery_carousels/posts/network-diagram/086-microservice-system-topology-with-gateway-and-async-messaging/05_cta.png
network-diagram-087,Systems & Networks,Metabolic Network Map Linking Glycolysis And TCA Cycle,https://figpad.ai/scientific-visualization/metabolic-network-map-linking-schematic-minimal,Scientific figure prompt you can reuse. FigPad helps turn scientific ideas into editable figures with SVG/PPTX export. Comment 'prompt' if you want the link and exact prompt.,/Users/kk/Desktop/auto video/figpad_gallery_carousels/posts/network-diagram/087-metabolic-network-map-linking-glycolysis-and-tca-cycle/01_cover.png,/Users/kk/Desktop/auto video/figpad_gallery_carousels/posts/network-diagram/087-metabolic-network-map-linking-glycolysis-and-tca-cycle/02_prompt.png,/Users/kk/Desktop/auto video/figpad_gallery_carousels/posts/network-diagram/087-metabolic-network-map-linking-glycolysis-and-tca-cycle/03_feature.png,/Users/kk/Desktop/auto video/figpad_gallery_carousels/posts/network-diagram/087-metabolic-network-map-linking-glycolysis-and-tca-cycle/04_feature.png,/Users/kk/Desktop/auto video/figpad_gallery_carousels/posts/network-diagram/087-metabolic-network-map-linking-glycolysis-and-tca-cycle/05_cta.png
network-diagram-088,Systems & Networks,IoT Monitoring Architecture From Edge Sensors To Cloud Analytics,https://figpad.ai/scientific-visualization/iot-monitoring-architecture-from,Scientific figure prompt you can reuse. FigPad helps turn scientific ideas into editable figures with SVG/PPTX export. Comment 'prompt' if you want the link and exact prompt.,/Users/kk/Desktop/auto video/figpad_gallery_carousels/posts/network-diagram/088-iot-monitoring-architecture-from-edge-sensors-to-cloud-analytics/01_cover.png,/Users/kk/Desktop/auto video/figpad_gallery_carousels/posts/network-diagram/088-iot-monitoring-architecture-from-edge-sensors-to-cloud-analytics/02_prompt.png,/Users/kk/Desktop/auto video/figpad_gallery_carousels/posts/network-diagram/088-iot-monitoring-architecture-from-edge-sensors-to-cloud-analytics/03_feature.png,/Users/kk/Desktop/auto video/figpad_gallery_carousels/posts/network-diagram/088-iot-monitoring-architecture-from-edge-sensors-to-cloud-analytics/04_feature.png,/Users/kk/Desktop/auto video/figpad_gallery_carousels/posts/network-diagram/088-iot-monitoring-architecture-from-edge-sensors-to-cloud-analytics/05_cta.png
network-diagram-089,Systems & Networks,Transformer Model Architecture With Attention And Feed-forward Blocks,https://figpad.ai/scientific-visualization/transformer-model-architecture-attention-isometric-technical,Scientific figure prompt you can reuse. FigPad helps turn scientific ideas into editable figures with SVG/PPTX export. Comment 'prompt' if you want the link and exact prompt.,/Users/kk/Desktop/auto video/figpad_gallery_carousels/posts/network-diagram/089-transformer-model-architecture-with-attention-and-feed-forward-blocks/01_cover.png,/Users/kk/Desktop/auto video/figpad_gallery_carousels/posts/network-diagram/089-transformer-model-architecture-with-attention-and-feed-forward-blocks/02_prompt.png,/Users/kk/Desktop/auto video/figpad_gallery_carousels/posts/network-diagram/089-transformer-model-architecture-with-attention-and-feed-forward-blocks/03_feature.png,/Users/kk/Desktop/auto video/figpad_gallery_carousels/posts/network-diagram/089-transformer-model-architecture-with-attention-and-feed-forward-blocks/04_feature.png,/Users/kk/Desktop/auto video/figpad_gallery_carousels/posts/network-diagram/089-transformer-model-architecture-with-attention-and-feed-forward-blocks/05_cta.png
network-diagram-090,Systems & Networks,Protein-protein Interaction Network With Modular Hubs,https://figpad.ai/scientific-visualization/protein-protein-interaction-network-scientific-engraving-monochrome,Scientific figure prompt you can reuse. FigPad helps turn scientific ideas into editable figures with SVG/PPTX export. Comment 'prompt' if you want the link and exact prompt.,/Users/kk/Desktop/auto video/figpad_gallery_carousels/posts/network-diagram/090-protein-protein-interaction-network-with-modular-hubs/01_cover.png,/Users/kk/Desktop/auto video/figpad_gallery_carousels/posts/network-diagram/090-protein-protein-interaction-network-with-modular-hubs/02_prompt.png,/Users/kk/Desktop/auto video/figpad_gallery_carousels/posts/network-diagram/090-protein-protein-interaction-network-with-modular-hubs/03_feature.png,/Users/kk/Desktop/auto video/figpad_gallery_carousels/posts/network-diagram/090-protein-protein-interaction-network-with-modular-hubs/04_feature.png,/Users/kk/Desktop/auto video/figpad_gallery_carousels/posts/network-diagram/090-protein-protein-interaction-network-with-modular-hubs/05_cta.png
network-diagram-091,Systems & Networks,Clinical Data Lakehouse Architecture With ETL And Feature Store,https://figpad.ai/scientific-visualization/clinical-data-lakehouse-architecture-schematic-minimal,Scientific figure prompt you can reuse. FigPad helps turn scientific ideas into editable figures with SVG/PPTX export. Comment 'prompt' if you want the link and exact prompt.,/Users/kk/Desktop/auto video/figpad_gallery_carousels/posts/network-diagram/091-clinical-data-lakehouse-architecture-with-etl-and-feature-store/01_cover.png,/Users/kk/Desktop/auto video/figpad_gallery_carousels/posts/network-diagram/091-clinical-data-lakehouse-architecture-with-etl-and-feature-store/02_prompt.png,/Users/kk/Desktop/auto video/figpad_gallery_carousels/posts/network-diagram/091-clinical-data-lakehouse-architecture-with-etl-and-feature-store/03_feature.png,/Users/kk/Desktop/auto video/figpad_gallery_carousels/posts/network-diagram/091-clinical-data-lakehouse-architecture-with-etl-and-feature-store/04_feature.png,/Users/kk/Desktop/auto video/figpad_gallery_carousels/posts/network-diagram/091-clinical-data-lakehouse-architecture-with-etl-and-feature-store/05_cta.png
network-diagram-092,Systems & Networks,Microservice System Topology With Gateway And Async Messaging,https://figpad.ai/scientific-visualization/microservice-system-topology-gateway-clean-vector,Scientific figure prompt you can reuse. FigPad helps turn scientific ideas into editable figures with SVG/PPTX export. Comment 'prompt' if you want the link and exact prompt.,/Users/kk/Desktop/auto video/figpad_gallery_carousels/posts/network-diagram/092-microservice-system-topology-with-gateway-and-async-messaging/01_cover.png,/Users/kk/Desktop/auto video/figpad_gallery_carousels/posts/network-diagram/092-microservice-system-topology-with-gateway-and-async-messaging/02_prompt.png,/Users/kk/Desktop/auto video/figpad_gallery_carousels/posts/network-diagram/092-microservice-system-topology-with-gateway-and-async-messaging/03_feature.png,/Users/kk/Desktop/auto video/figpad_gallery_carousels/posts/network-diagram/092-microservice-system-topology-with-gateway-and-async-messaging/04_feature.png,/Users/kk/Desktop/auto video/figpad_gallery_carousels/posts/network-diagram/092-microservice-system-topology-with-gateway-and-async-messaging/05_cta.png
network-diagram-093,Systems & Networks,Transformer Model Architecture With Attention And Feed-forward Blocks,https://figpad.ai/scientific-visualization/transformer-model-architecture-attention-schematic-minimal-variant-2,Scientific figure prompt you can reuse. FigPad helps turn scientific ideas into editable figures with SVG/PPTX export. Comment 'prompt' if you want the link and exact prompt.,/Users/kk/Desktop/auto video/figpad_gallery_carousels/posts/network-diagram/093-transformer-model-architecture-with-attention-and-feed-forward-blocks/01_cover.png,/Users/kk/Desktop/auto video/figpad_gallery_carousels/posts/network-diagram/093-transformer-model-architecture-with-attention-and-feed-forward-blocks/02_prompt.png,/Users/kk/Desktop/auto video/figpad_gallery_carousels/posts/network-diagram/093-transformer-model-architecture-with-attention-and-feed-forward-blocks/03_feature.png,/Users/kk/Desktop/auto video/figpad_gallery_carousels/posts/network-diagram/093-transformer-model-architecture-with-attention-and-feed-forward-blocks/04_feature.png,/Users/kk/Desktop/auto video/figpad_gallery_carousels/posts/network-diagram/093-transformer-model-architecture-with-attention-and-feed-forward-blocks/05_cta.png
network-diagram-094,Systems & Networks,Protein-protein Interaction Network With Modular Hubs,https://figpad.ai/scientific-visualization/protein-protein-interaction-network-clean-vector-variant-2,Scientific figure prompt you can reuse. FigPad helps turn scientific ideas into editable figures with SVG/PPTX export. Comment 'prompt' if you want the link and exact prompt.,/Users/kk/Desktop/auto video/figpad_gallery_carousels/posts/network-diagram/094-protein-protein-interaction-network-with-modular-hubs/01_cover.png,/Users/kk/Desktop/auto video/figpad_gallery_carousels/posts/network-diagram/094-protein-protein-interaction-network-with-modular-hubs/02_prompt.png,/Users/kk/Desktop/auto video/figpad_gallery_carousels/posts/network-diagram/094-protein-protein-interaction-network-with-modular-hubs/03_feature.png,/Users/kk/Desktop/auto video/figpad_gallery_carousels/posts/network-diagram/094-protein-protein-interaction-network-with-modular-hubs/04_feature.png,/Users/kk/Desktop/auto video/figpad_gallery_carousels/posts/network-diagram/094-protein-protein-interaction-network-with-modular-hubs/05_cta.png
network-diagram-095,Systems & Networks,Clinical Data Lakehouse Architecture With ETL And Feature Store,https://figpad.ai/scientific-visualization/clinical-data-lakehouse-architecture-isometric-technical-variant-2,Scientific figure prompt you can reuse. FigPad helps turn scientific ideas into editable figures with SVG/PPTX export. Comment 'prompt' if you want the link and exact prompt.,/Users/kk/Desktop/auto video/figpad_gallery_carousels/posts/network-diagram/095-clinical-data-lakehouse-architecture-with-etl-and-feature-store/01_cover.png,/Users/kk/Desktop/auto video/figpad_gallery_carousels/posts/network-diagram/095-clinical-data-lakehouse-architecture-with-etl-and-feature-store/02_prompt.png,/Users/kk/Desktop/auto video/figpad_gallery_carousels/posts/network-diagram/095-clinical-data-lakehouse-architecture-with-etl-and-feature-store/03_feature.png,/Users/kk/Desktop/auto video/figpad_gallery_carousels/posts/network-diagram/095-clinical-data-lakehouse-architecture-with-etl-and-feature-store/04_feature.png,/Users/kk/Desktop/auto video/figpad_gallery_carousels/posts/network-diagram/095-clinical-data-lakehouse-architecture-with-etl-and-feature-store/05_cta.png
network-diagram-096,Systems & Networks,Microservice System Topology With Gateway And Async Messaging,https://figpad.ai/scientific-visualization/microservice-system-topology-gateway-scientific-engraving-monochrome-variant-2,Scientific figure prompt you can reuse. FigPad helps turn scientific ideas into editable figures with SVG/PPTX export. Comment 'prompt' if you want the link and exact prompt.,/Users/kk/Desktop/auto video/figpad_gallery_carousels/posts/network-diagram/096-microservice-system-topology-with-gateway-and-async-messaging/01_cover.png,/Users/kk/Desktop/auto video/figpad_gallery_carousels/posts/network-diagram/096-microservice-system-topology-with-gateway-and-async-messaging/02_prompt.png,/Users/kk/Desktop/auto video/figpad_gallery_carousels/posts/network-diagram/096-microservice-system-topology-with-gateway-and-async-messaging/03_feature.png,/Users/kk/Desktop/auto video/figpad_gallery_carousels/posts/network-diagram/096-microservice-system-topology-with-gateway-and-async-messaging/04_feature.png,/Users/kk/Desktop/auto video/figpad_gallery_carousels/posts/network-diagram/096-microservice-system-topology-with-gateway-and-async-messaging/05_cta.png
network-diagram-097,Systems & Networks,Metabolic Network Map Linking Glycolysis And TCA Cycle,https://figpad.ai/scientific-visualization/metabolic-network-map-linking-schematic-minimal-variant-2,Scientific figure prompt you can reuse. FigPad helps turn scientific ideas into editable figures with SVG/PPTX export. Comment 'prompt' if you want the link and exact prompt.,/Users/kk/Desktop/auto video/figpad_gallery_carousels/posts/network-diagram/097-metabolic-network-map-linking-glycolysis-and-tca-cycle/01_cover.png,/Users/kk/Desktop/auto video/figpad_gallery_carousels/posts/network-diagram/097-metabolic-network-map-linking-glycolysis-and-tca-cycle/02_prompt.png,/Users/kk/Desktop/auto video/figpad_gallery_carousels/posts/network-diagram/097-metabolic-network-map-linking-glycolysis-and-tca-cycle/03_feature.png,/Users/kk/Desktop/auto video/figpad_gallery_carousels/posts/network-diagram/097-metabolic-network-map-linking-glycolysis-and-tca-cycle/04_feature.png,/Users/kk/Desktop/auto video/figpad_gallery_carousels/posts/network-diagram/097-metabolic-network-map-linking-glycolysis-and-tca-cycle/05_cta.png
journal-cover-098,Journal Covers,DNA Helicase Unwinding Chromatin Under Dramatic Molecular Lighting,https://figpad.ai/scientific-visualization/dna-helicase-unwinding-chromatin-journal-cover-cinematic,"Journal-cover style, but built from a prompt. FigPad helps turn scientific ideas into editable figures with SVG/PPTX export. Comment 'prompt' if you want the link and exact prompt.",/Users/kk/Desktop/auto video/figpad_gallery_carousels/posts/journal-cover/098-dna-helicase-unwinding-chromatin-under-dramatic-molecular-lighting/01_cover.png,/Users/kk/Desktop/auto video/figpad_gallery_carousels/posts/journal-cover/098-dna-helicase-unwinding-chromatin-under-dramatic-molecular-lighting/02_prompt.png,/Users/kk/Desktop/auto video/figpad_gallery_carousels/posts/journal-cover/098-dna-helicase-unwinding-chromatin-under-dramatic-molecular-lighting/03_feature.png,/Users/kk/Desktop/auto video/figpad_gallery_carousels/posts/journal-cover/098-dna-helicase-unwinding-chromatin-under-dramatic-molecular-lighting/04_feature.png,/Users/kk/Desktop/auto video/figpad_gallery_carousels/posts/journal-cover/098-dna-helicase-unwinding-chromatin-under-dramatic-molecular-lighting/05_cta.png
journal-cover-099,Journal Covers,Brain-wide Connectome Rendered As Luminous Neural Constellations,https://figpad.ai/scientific-visualization/brain-wide-connectome-rendered-watercolor-texture-ink-line,"Journal-cover style, but built from a prompt. FigPad helps turn scientific ideas into editable figures with SVG/PPTX export. Comment 'prompt' if you want the link and exact prompt.",/Users/kk/Desktop/auto video/figpad_gallery_carousels/posts/journal-cover/099-brain-wide-connectome-rendered-as-luminous-neural-constellations/01_cover.png,/Users/kk/Desktop/auto video/figpad_gallery_carousels/posts/journal-cover/099-brain-wide-connectome-rendered-as-luminous-neural-constellations/02_prompt.png,/Users/kk/Desktop/auto video/figpad_gallery_carousels/posts/journal-cover/099-brain-wide-connectome-rendered-as-luminous-neural-constellations/03_feature.png,/Users/kk/Desktop/auto video/figpad_gallery_carousels/posts/journal-cover/099-brain-wide-connectome-rendered-as-luminous-neural-constellations/04_feature.png,/Users/kk/Desktop/auto video/figpad_gallery_carousels/posts/journal-cover/099-brain-wide-connectome-rendered-as-luminous-neural-constellations/05_cta.png
journal-cover-100,Journal Covers,Deep-sea Hydrothermal Vent Ecosystem With Bioluminescent Species,https://figpad.ai/scientific-visualization/deep-sea-hydrothermal-vent-soft-biomedical,"Journal-cover style, but built from a prompt. FigPad helps turn scientific ideas into editable figures with SVG/PPTX export. Comment 'prompt' if you want the link and exact prompt.",/Users/kk/Desktop/auto video/figpad_gallery_carousels/posts/journal-cover/100-deep-sea-hydrothermal-vent-ecosystem-with-bioluminescent-species/01_cover.png,/Users/kk/Desktop/auto video/figpad_gallery_carousels/posts/journal-cover/100-deep-sea-hydrothermal-vent-ecosystem-with-bioluminescent-species/02_prompt.png,/Users/kk/Desktop/auto video/figpad_gallery_carousels/posts/journal-cover/100-deep-sea-hydrothermal-vent-ecosystem-with-bioluminescent-species/03_feature.png,/Users/kk/Desktop/auto video/figpad_gallery_carousels/posts/journal-cover/100-deep-sea-hydrothermal-vent-ecosystem-with-bioluminescent-species/04_feature.png,/Users/kk/Desktop/auto video/figpad_gallery_carousels/posts/journal-cover/100-deep-sea-hydrothermal-vent-ecosystem-with-bioluminescent-species/05_cta.png
journal-cover-101,Journal Covers,Stem-cell Differentiation Tree Radiating Into Organ Lineages,https://figpad.ai/scientific-visualization/stem-cell-differentiation-tree-scientific-engraving-monochrome,"Journal-cover style, but built from a prompt. FigPad helps turn scientific ideas into editable figures with SVG/PPTX export. Comment 'prompt' if you want the link and exact prompt.",/Users/kk/Desktop/auto video/figpad_gallery_carousels/posts/journal-cover/101-stem-cell-differentiation-tree-radiating-into-organ-lineages/01_cover.png,/Users/kk/Desktop/auto video/figpad_gallery_carousels/posts/journal-cover/101-stem-cell-differentiation-tree-radiating-into-organ-lineages/02_prompt.png,/Users/kk/Desktop/auto video/figpad_gallery_carousels/posts/journal-cover/101-stem-cell-differentiation-tree-radiating-into-organ-lineages/03_feature.png,/Users/kk/Desktop/auto video/figpad_gallery_carousels/posts/journal-cover/101-stem-cell-differentiation-tree-radiating-into-organ-lineages/04_feature.png,/Users/kk/Desktop/auto video/figpad_gallery_carousels/posts/journal-cover/101-stem-cell-differentiation-tree-radiating-into-organ-lineages/05_cta.png
journal-cover-102,Journal Covers,Nanorobots Targeting Tumor Microenvironment Inside Blood Vessels,https://figpad.ai/scientific-visualization/nanorobots-targeting-tumor-microenvironment-journal-cover-cinematic,"Journal-cover style, but built from a prompt. FigPad helps turn scientific ideas into editable figures with SVG/PPTX export. Comment 'prompt' if you want the link and exact prompt.",/Users/kk/Desktop/auto video/figpad_gallery_carousels/posts/journal-cover/102-nanorobots-targeting-tumor-microenvironment-inside-blood-vessels/01_cover.png,/Users/kk/Desktop/auto video/figpad_gallery_carousels/posts/journal-cover/102-nanorobots-targeting-tumor-microenvironment-inside-blood-vessels/02_prompt.png,/Users/kk/Desktop/auto video/figpad_gallery_carousels/posts/journal-cover/102-nanorobots-targeting-tumor-microenvironment-inside-blood-vessels/03_feature.png,/Users/kk/Desktop/auto video/figpad_gallery_carousels/posts/journal-cover/102-nanorobots-targeting-tumor-microenvironment-inside-blood-vessels/04_feature.png,/Users/kk/Desktop/auto video/figpad_gallery_carousels/posts/journal-cover/102-nanorobots-targeting-tumor-microenvironment-inside-blood-vessels/05_cta.png
journal-cover-103,Journal Covers,Quantum-inspired Molecular Orbitals Over Abstract Crystal Lattice,https://figpad.ai/scientific-visualization/quantum-inspired-molecular-orbitals,"Journal-cover style, but built from a prompt. FigPad helps turn scientific ideas into editable figures with SVG/PPTX export. Comment 'prompt' if you want the link and exact prompt.",/Users/kk/Desktop/auto video/figpad_gallery_carousels/posts/journal-cover/103-quantum-inspired-molecular-orbitals-over-abstract-crystal-lattice/01_cover.png,/Users/kk/Desktop/auto video/figpad_gallery_carousels/posts/journal-cover/103-quantum-inspired-molecular-orbitals-over-abstract-crystal-lattice/02_prompt.png,/Users/kk/Desktop/auto video/figpad_gallery_carousels/posts/journal-cover/103-quantum-inspired-molecular-orbitals-over-abstract-crystal-lattice/03_feature.png,/Users/kk/Desktop/auto video/figpad_gallery_carousels/posts/journal-cover/103-quantum-inspired-molecular-orbitals-over-abstract-crystal-lattice/04_feature.png,/Users/kk/Desktop/auto video/figpad_gallery_carousels/posts/journal-cover/103-quantum-inspired-molecular-orbitals-over-abstract-crystal-lattice/05_cta.png
journal-cover-104,Journal Covers,DNA Helicase Unwinding Chromatin Under Dramatic Molecular Lighting,https://figpad.ai/scientific-visualization/dna-helicase-unwinding-chromatin-soft-biomedical,"Journal-cover style, but built from a prompt. FigPad helps turn scientific ideas into editable figures with SVG/PPTX export. Comment 'prompt' if you want the link and exact prompt.",/Users/kk/Desktop/auto video/figpad_gallery_carousels/posts/journal-cover/104-dna-helicase-unwinding-chromatin-under-dramatic-molecular-lighting/01_cover.png,/Users/kk/Desktop/auto video/figpad_gallery_carousels/posts/journal-cover/104-dna-helicase-unwinding-chromatin-under-dramatic-molecular-lighting/02_prompt.png,/Users/kk/Desktop/auto video/figpad_gallery_carousels/posts/journal-cover/104-dna-helicase-unwinding-chromatin-under-dramatic-molecular-lighting/03_feature.png,/Users/kk/Desktop/auto video/figpad_gallery_carousels/posts/journal-cover/104-dna-helicase-unwinding-chromatin-under-dramatic-molecular-lighting/04_feature.png,/Users/kk/Desktop/auto video/figpad_gallery_carousels/posts/journal-cover/104-dna-helicase-unwinding-chromatin-under-dramatic-molecular-lighting/05_cta.png
journal-cover-105,Journal Covers,Brain-wide Connectome Rendered As Luminous Neural Constellations,https://figpad.ai/scientific-visualization/brain-wide-connectome-rendered-scientific-engraving-monochrome,"Journal-cover style, but built from a prompt. FigPad helps turn scientific ideas into editable figures with SVG/PPTX export. Comment 'prompt' if you want the link and exact prompt.",/Users/kk/Desktop/auto video/figpad_gallery_carousels/posts/journal-cover/105-brain-wide-connectome-rendered-as-luminous-neural-constellations/01_cover.png,/Users/kk/Desktop/auto video/figpad_gallery_carousels/posts/journal-cover/105-brain-wide-connectome-rendered-as-luminous-neural-constellations/02_prompt.png,/Users/kk/Desktop/auto video/figpad_gallery_carousels/posts/journal-cover/105-brain-wide-connectome-rendered-as-luminous-neural-constellations/03_feature.png,/Users/kk/Desktop/auto video/figpad_gallery_carousels/posts/journal-cover/105-brain-wide-connectome-rendered-as-luminous-neural-constellations/04_feature.png,/Users/kk/Desktop/auto video/figpad_gallery_carousels/posts/journal-cover/105-brain-wide-connectome-rendered-as-luminous-neural-constellations/05_cta.png
journal-cover-106,Journal Covers,Deep-sea Hydrothermal Vent Ecosystem With Bioluminescent Species,https://figpad.ai/scientific-visualization/deep-sea-hydrothermal-vent-journal-cover-cinematic,"Journal-cover style, but built from a prompt. FigPad helps turn scientific ideas into editable figures with SVG/PPTX export. Comment 'prompt' if you want the link and exact prompt.",/Users/kk/Desktop/auto video/figpad_gallery_carousels/posts/journal-cover/106-deep-sea-hydrothermal-vent-ecosystem-with-bioluminescent-species/01_cover.png,/Users/kk/Desktop/auto video/figpad_gallery_carousels/posts/journal-cover/106-deep-sea-hydrothermal-vent-ecosystem-with-bioluminescent-species/02_prompt.png,/Users/kk/Desktop/auto video/figpad_gallery_carousels/posts/journal-cover/106-deep-sea-hydrothermal-vent-ecosystem-with-bioluminescent-species/03_feature.png,/Users/kk/Desktop/auto video/figpad_gallery_carousels/posts/journal-cover/106-deep-sea-hydrothermal-vent-ecosystem-with-bioluminescent-species/04_feature.png,/Users/kk/Desktop/auto video/figpad_gallery_carousels/posts/journal-cover/106-deep-sea-hydrothermal-vent-ecosystem-with-bioluminescent-species/05_cta.png
journal-cover-107,Journal Covers,Stem-cell Differentiation Tree Radiating Into Organ Lineages,https://figpad.ai/scientific-visualization/stem-cell-differentiation-tree-watercolor-texture-ink-line,"Journal-cover style, but built from a prompt. FigPad helps turn scientific ideas into editable figures with SVG/PPTX export. Comment 'prompt' if you want the link and exact prompt.",/Users/kk/Desktop/auto video/figpad_gallery_carousels/posts/journal-cover/107-stem-cell-differentiation-tree-radiating-into-organ-lineages/01_cover.png,/Users/kk/Desktop/auto video/figpad_gallery_carousels/posts/journal-cover/107-stem-cell-differentiation-tree-radiating-into-organ-lineages/02_prompt.png,/Users/kk/Desktop/auto video/figpad_gallery_carousels/posts/journal-cover/107-stem-cell-differentiation-tree-radiating-into-organ-lineages/03_feature.png,/Users/kk/Desktop/auto video/figpad_gallery_carousels/posts/journal-cover/107-stem-cell-differentiation-tree-radiating-into-organ-lineages/04_feature.png,/Users/kk/Desktop/auto video/figpad_gallery_carousels/posts/journal-cover/107-stem-cell-differentiation-tree-radiating-into-organ-lineages/05_cta.png
journal-cover-108,Journal Covers,DNA Helicase Unwinding Chromatin Under Dramatic Molecular Lighting,https://figpad.ai/scientific-visualization/dna-helicase-unwinding-chromatin-journal-cover-cinematic-variant-2,"Journal-cover style, but built from a prompt. FigPad helps turn scientific ideas into editable figures with SVG/PPTX export. Comment 'prompt' if you want the link and exact prompt.",/Users/kk/Desktop/auto video/figpad_gallery_carousels/posts/journal-cover/108-dna-helicase-unwinding-chromatin-under-dramatic-molecular-lighting/01_cover.png,/Users/kk/Desktop/auto video/figpad_gallery_carousels/posts/journal-cover/108-dna-helicase-unwinding-chromatin-under-dramatic-molecular-lighting/02_prompt.png,/Users/kk/Desktop/auto video/figpad_gallery_carousels/posts/journal-cover/108-dna-helicase-unwinding-chromatin-under-dramatic-molecular-lighting/03_feature.png,/Users/kk/Desktop/auto video/figpad_gallery_carousels/posts/journal-cover/108-dna-helicase-unwinding-chromatin-under-dramatic-molecular-lighting/04_feature.png,/Users/kk/Desktop/auto video/figpad_gallery_carousels/posts/journal-cover/108-dna-helicase-unwinding-chromatin-under-dramatic-molecular-lighting/05_cta.png
journal-cover-109,Journal Covers,Brain-wide Connectome Rendered As Luminous Neural Constellations,https://figpad.ai/scientific-visualization/brain-wide-connectome-rendered-watercolor-texture-ink-line-variant-2,"Journal-cover style, but built from a prompt. FigPad helps turn scientific ideas into editable figures with SVG/PPTX export. Comment 'prompt' if you want the link and exact prompt.",/Users/kk/Desktop/auto video/figpad_gallery_carousels/posts/journal-cover/109-brain-wide-connectome-rendered-as-luminous-neural-constellations/01_cover.png,/Users/kk/Desktop/auto video/figpad_gallery_carousels/posts/journal-cover/109-brain-wide-connectome-rendered-as-luminous-neural-constellations/02_prompt.png,/Users/kk/Desktop/auto video/figpad_gallery_carousels/posts/journal-cover/109-brain-wide-connectome-rendered-as-luminous-neural-constellations/03_feature.png,/Users/kk/Desktop/auto video/figpad_gallery_carousels/posts/journal-cover/109-brain-wide-connectome-rendered-as-luminous-neural-constellations/04_feature.png,/Users/kk/Desktop/auto video/figpad_gallery_carousels/posts/journal-cover/109-brain-wide-connectome-rendered-as-luminous-neural-constellations/05_cta.png
journal-cover-110,Journal Covers,Deep-sea Hydrothermal Vent Ecosystem With Bioluminescent Species,https://figpad.ai/scientific-visualization/deep-sea-hydrothermal-vent-soft-biomedical-variant-2,"Journal-cover style, but built from a prompt. FigPad helps turn scientific ideas into editable figures with SVG/PPTX export. Comment 'prompt' if you want the link and exact prompt.",/Users/kk/Desktop/auto video/figpad_gallery_carousels/posts/journal-cover/110-deep-sea-hydrothermal-vent-ecosystem-with-bioluminescent-species/01_cover.png,/Users/kk/Desktop/auto video/figpad_gallery_carousels/posts/journal-cover/110-deep-sea-hydrothermal-vent-ecosystem-with-bioluminescent-species/02_prompt.png,/Users/kk/Desktop/auto video/figpad_gallery_carousels/posts/journal-cover/110-deep-sea-hydrothermal-vent-ecosystem-with-bioluminescent-species/03_feature.png,/Users/kk/Desktop/auto video/figpad_gallery_carousels/posts/journal-cover/110-deep-sea-hydrothermal-vent-ecosystem-with-bioluminescent-species/04_feature.png,/Users/kk/Desktop/auto video/figpad_gallery_carousels/posts/journal-cover/110-deep-sea-hydrothermal-vent-ecosystem-with-bioluminescent-species/05_cta.png
journal-cover-111,Journal Covers,Stem-cell Differentiation Tree Radiating Into Organ Lineages,https://figpad.ai/scientific-visualization/stem-cell-differentiation-tree-scientific-engraving-monochrome-variant-2,"Journal-cover style, but built from a prompt. FigPad helps turn scientific ideas into editable figures with SVG/PPTX export. Comment 'prompt' if you want the link and exact prompt.",/Users/kk/Desktop/auto video/figpad_gallery_carousels/posts/journal-cover/111-stem-cell-differentiation-tree-radiating-into-organ-lineages/01_cover.png,/Users/kk/Desktop/auto video/figpad_gallery_carousels/posts/journal-cover/111-stem-cell-differentiation-tree-radiating-into-organ-lineages/02_prompt.png,/Users/kk/Desktop/auto video/figpad_gallery_carousels/posts/journal-cover/111-stem-cell-differentiation-tree-radiating-into-organ-lineages/03_feature.png,/Users/kk/Desktop/auto video/figpad_gallery_carousels/posts/journal-cover/111-stem-cell-differentiation-tree-radiating-into-organ-lineages/04_feature.png,/Users/kk/Desktop/auto video/figpad_gallery_carousels/posts/journal-cover/111-stem-cell-differentiation-tree-radiating-into-organ-lineages/05_cta.png
journal-cover-112,Journal Covers,Nanorobots Targeting Tumor Microenvironment Inside Blood Vessels,https://figpad.ai/scientific-visualization/nanorobots-targeting-tumor-microenvironment-journal-cover-cinematic-variant-2,"Journal-cover style, but built from a prompt. FigPad helps turn scientific ideas into editable figures with SVG/PPTX export. Comment 'prompt' if you want the link and exact prompt.",/Users/kk/Desktop/auto video/figpad_gallery_carousels/posts/journal-cover/112-nanorobots-targeting-tumor-microenvironment-inside-blood-vessels/01_cover.png,/Users/kk/Desktop/auto video/figpad_gallery_carousels/posts/journal-cover/112-nanorobots-targeting-tumor-microenvironment-inside-blood-vessels/02_prompt.png,/Users/kk/Desktop/auto video/figpad_gallery_carousels/posts/journal-cover/112-nanorobots-targeting-tumor-microenvironment-inside-blood-vessels/03_feature.png,/Users/kk/Desktop/auto video/figpad_gallery_carousels/posts/journal-cover/112-nanorobots-targeting-tumor-microenvironment-inside-blood-vessels/04_feature.png,/Users/kk/Desktop/auto video/figpad_gallery_carousels/posts/journal-cover/112-nanorobots-targeting-tumor-microenvironment-inside-blood-vessels/05_cta.png
cross-section-113,Cross-Sections & Layers,"Human Skin Cross-section With Epidermis, Dermis, And Appendages",https://figpad.ai/scientific-visualization/human-skin-cross-section-3d-cutaway,Scientific figure prompt you can reuse. FigPad helps turn scientific ideas into editable figures with SVG/PPTX export. Comment 'prompt' if you want the link and exact prompt.,/Users/kk/Desktop/auto video/figpad_gallery_carousels/posts/cross-section/113-human-skin-cross-section-with-epidermis-dermis-and-appendages/01_cover.png,/Users/kk/Desktop/auto video/figpad_gallery_carousels/posts/cross-section/113-human-skin-cross-section-with-epidermis-dermis-and-appendages/02_prompt.png,/Users/kk/Desktop/auto video/figpad_gallery_carousels/posts/cross-section/113-human-skin-cross-section-with-epidermis-dermis-and-appendages/03_feature.png,/Users/kk/Desktop/auto video/figpad_gallery_carousels/posts/cross-section/113-human-skin-cross-section-with-epidermis-dermis-and-appendages/04_feature.png,/Users/kk/Desktop/auto video/figpad_gallery_carousels/posts/cross-section/113-human-skin-cross-section-with-epidermis-dermis-and-appendages/05_cta.png
cross-section-114,Cross-Sections & Layers,Perovskite-silicon Tandem Solar Cell Layered Stack,https://figpad.ai/scientific-visualization/perovskite-silicon-tandem-solar-watercolor-texture-ink-line,Scientific figure prompt you can reuse. FigPad helps turn scientific ideas into editable figures with SVG/PPTX export. Comment 'prompt' if you want the link and exact prompt.,/Users/kk/Desktop/auto video/figpad_gallery_carousels/posts/cross-section/114-perovskite-silicon-tandem-solar-cell-layered-stack/01_cover.png,/Users/kk/Desktop/auto video/figpad_gallery_carousels/posts/cross-section/114-perovskite-silicon-tandem-solar-cell-layered-stack/02_prompt.png,/Users/kk/Desktop/auto video/figpad_gallery_carousels/posts/cross-section/114-perovskite-silicon-tandem-solar-cell-layered-stack/03_feature.png,/Users/kk/Desktop/auto video/figpad_gallery_carousels/posts/cross-section/114-perovskite-silicon-tandem-solar-cell-layered-stack/04_feature.png,/Users/kk/Desktop/auto video/figpad_gallery_carousels/posts/cross-section/114-perovskite-silicon-tandem-solar-cell-layered-stack/05_cta.png
cross-section-115,Cross-Sections & Layers,Earth Interior With Mantle Convection And Core Boundaries,https://figpad.ai/scientific-visualization/earth-interior-mantle-convection-botanical-field-guide,Scientific figure prompt you can reuse. FigPad helps turn scientific ideas into editable figures with SVG/PPTX export. Comment 'prompt' if you want the link and exact prompt.,/Users/kk/Desktop/auto video/figpad_gallery_carousels/posts/cross-section/115-earth-interior-with-mantle-convection-and-core-boundaries/01_cover.png,/Users/kk/Desktop/auto video/figpad_gallery_carousels/posts/cross-section/115-earth-interior-with-mantle-convection-and-core-boundaries/02_prompt.png,/Users/kk/Desktop/auto video/figpad_gallery_carousels/posts/cross-section/115-earth-interior-with-mantle-convection-and-core-boundaries/03_feature.png,/Users/kk/Desktop/auto video/figpad_gallery_carousels/posts/cross-section/115-earth-interior-with-mantle-convection-and-core-boundaries/04_feature.png,/Users/kk/Desktop/auto video/figpad_gallery_carousels/posts/cross-section/115-earth-interior-with-mantle-convection-and-core-boundaries/05_cta.png
cross-section-116,Cross-Sections & Layers,Leaf Anatomy Cross-section With Vascular Bundles And Stomata,https://figpad.ai/scientific-visualization/leaf-anatomy-cross-section-clean-vector,Scientific figure prompt you can reuse. FigPad helps turn scientific ideas into editable figures with SVG/PPTX export. Comment 'prompt' if you want the link and exact prompt.,/Users/kk/Desktop/auto video/figpad_gallery_carousels/posts/cross-section/116-leaf-anatomy-cross-section-with-vascular-bundles-and-stomata/01_cover.png,/Users/kk/Desktop/auto video/figpad_gallery_carousels/posts/cross-section/116-leaf-anatomy-cross-section-with-vascular-bundles-and-stomata/02_prompt.png,/Users/kk/Desktop/auto video/figpad_gallery_carousels/posts/cross-section/116-leaf-anatomy-cross-section-with-vascular-bundles-and-stomata/03_feature.png,/Users/kk/Desktop/auto video/figpad_gallery_carousels/posts/cross-section/116-leaf-anatomy-cross-section-with-vascular-bundles-and-stomata/04_feature.png,/Users/kk/Desktop/auto video/figpad_gallery_carousels/posts/cross-section/116-leaf-anatomy-cross-section-with-vascular-bundles-and-stomata/05_cta.png
cross-section-117,Cross-Sections & Layers,Retina Layered Organization From Photoreceptors To Ganglion Cells,https://figpad.ai/scientific-visualization/retina-layered-organization-from-3d-cutaway,Scientific figure prompt you can reuse. FigPad helps turn scientific ideas into editable figures with SVG/PPTX export. Comment 'prompt' if you want the link and exact prompt.,/Users/kk/Desktop/auto video/figpad_gallery_carousels/posts/cross-section/117-retina-layered-organization-from-photoreceptors-to-ganglion-cells/01_cover.png,/Users/kk/Desktop/auto video/figpad_gallery_carousels/posts/cross-section/117-retina-layered-organization-from-photoreceptors-to-ganglion-cells/02_prompt.png,/Users/kk/Desktop/auto video/figpad_gallery_carousels/posts/cross-section/117-retina-layered-organization-from-photoreceptors-to-ganglion-cells/03_feature.png,/Users/kk/Desktop/auto video/figpad_gallery_carousels/posts/cross-section/117-retina-layered-organization-from-photoreceptors-to-ganglion-cells/04_feature.png,/Users/kk/Desktop/auto video/figpad_gallery_carousels/posts/cross-section/117-retina-layered-organization-from-photoreceptors-to-ganglion-cells/05_cta.png
cross-section-118,Cross-Sections & Layers,Lithium-ion Battery Cross-sectional Transport Pathways,https://figpad.ai/scientific-visualization/lithium-ion-battery-cross,Scientific figure prompt you can reuse. FigPad helps turn scientific ideas into editable figures with SVG/PPTX export. Comment 'prompt' if you want the link and exact prompt.,/Users/kk/Desktop/auto video/figpad_gallery_carousels/posts/cross-section/118-lithium-ion-battery-cross-sectional-transport-pathways/01_cover.png,/Users/kk/Desktop/auto video/figpad_gallery_carousels/posts/cross-section/118-lithium-ion-battery-cross-sectional-transport-pathways/02_prompt.png,/Users/kk/Desktop/auto video/figpad_gallery_carousels/posts/cross-section/118-lithium-ion-battery-cross-sectional-transport-pathways/03_feature.png,/Users/kk/Desktop/auto video/figpad_gallery_carousels/posts/cross-section/118-lithium-ion-battery-cross-sectional-transport-pathways/04_feature.png,/Users/kk/Desktop/auto video/figpad_gallery_carousels/posts/cross-section/118-lithium-ion-battery-cross-sectional-transport-pathways/05_cta.png
cross-section-119,Cross-Sections & Layers,"Human Skin Cross-section With Epidermis, Dermis, And Appendages",https://figpad.ai/scientific-visualization/human-skin-cross-section-botanical-field-guide,Scientific figure prompt you can reuse. FigPad helps turn scientific ideas into editable figures with SVG/PPTX export. Comment 'prompt' if you want the link and exact prompt.,/Users/kk/Desktop/auto video/figpad_gallery_carousels/posts/cross-section/119-human-skin-cross-section-with-epidermis-dermis-and-appendages/01_cover.png,/Users/kk/Desktop/auto video/figpad_gallery_carousels/posts/cross-section/119-human-skin-cross-section-with-epidermis-dermis-and-appendages/02_prompt.png,/Users/kk/Desktop/auto video/figpad_gallery_carousels/posts/cross-section/119-human-skin-cross-section-with-epidermis-dermis-and-appendages/03_feature.png,/Users/kk/Desktop/auto video/figpad_gallery_carousels/posts/cross-section/119-human-skin-cross-section-with-epidermis-dermis-and-appendages/04_feature.png,/Users/kk/Desktop/auto video/figpad_gallery_carousels/posts/cross-section/119-human-skin-cross-section-with-epidermis-dermis-and-appendages/05_cta.png
cross-section-120,Cross-Sections & Layers,Perovskite-silicon Tandem Solar Cell Layered Stack,https://figpad.ai/scientific-visualization/perovskite-silicon-tandem-solar-clean-vector,Scientific figure prompt you can reuse. FigPad helps turn scientific ideas into editable figures with SVG/PPTX export. Comment 'prompt' if you want the link and exact prompt.,/Users/kk/Desktop/auto video/figpad_gallery_carousels/posts/cross-section/120-perovskite-silicon-tandem-solar-cell-layered-stack/01_cover.png,/Users/kk/Desktop/auto video/figpad_gallery_carousels/posts/cross-section/120-perovskite-silicon-tandem-solar-cell-layered-stack/02_prompt.png,/Users/kk/Desktop/auto video/figpad_gallery_carousels/posts/cross-section/120-perovskite-silicon-tandem-solar-cell-layered-stack/03_feature.png,/Users/kk/Desktop/auto video/figpad_gallery_carousels/posts/cross-section/120-perovskite-silicon-tandem-solar-cell-layered-stack/04_feature.png,/Users/kk/Desktop/auto video/figpad_gallery_carousels/posts/cross-section/120-perovskite-silicon-tandem-solar-cell-layered-stack/05_cta.png
cross-section-121,Cross-Sections & Layers,Earth Interior With Mantle Convection And Core Boundaries,https://figpad.ai/scientific-visualization/earth-interior-mantle-convection-3d-cutaway,Scientific figure prompt you can reuse. FigPad helps turn scientific ideas into editable figures with SVG/PPTX export. Comment 'prompt' if you want the link and exact prompt.,/Users/kk/Desktop/auto video/figpad_gallery_carousels/posts/cross-section/121-earth-interior-with-mantle-convection-and-core-boundaries/01_cover.png,/Users/kk/Desktop/auto video/figpad_gallery_carousels/posts/cross-section/121-earth-interior-with-mantle-convection-and-core-boundaries/02_prompt.png,/Users/kk/Desktop/auto video/figpad_gallery_carousels/posts/cross-section/121-earth-interior-with-mantle-convection-and-core-boundaries/03_feature.png,/Users/kk/Desktop/auto video/figpad_gallery_carousels/posts/cross-section/121-earth-interior-with-mantle-convection-and-core-boundaries/04_feature.png,/Users/kk/Desktop/auto video/figpad_gallery_carousels/posts/cross-section/121-earth-interior-with-mantle-convection-and-core-boundaries/05_cta.png
cross-section-122,Cross-Sections & Layers,Leaf Anatomy Cross-section With Vascular Bundles And Stomata,https://figpad.ai/scientific-visualization/leaf-anatomy-cross-section-watercolor-texture-ink-line,Scientific figure prompt you can reuse. FigPad helps turn scientific ideas into editable figures with SVG/PPTX export. Comment 'prompt' if you want the link and exact prompt.,/Users/kk/Desktop/auto video/figpad_gallery_carousels/posts/cross-section/122-leaf-anatomy-cross-section-with-vascular-bundles-and-stomata/01_cover.png,/Users/kk/Desktop/auto video/figpad_gallery_carousels/posts/cross-section/122-leaf-anatomy-cross-section-with-vascular-bundles-and-stomata/02_prompt.png,/Users/kk/Desktop/auto video/figpad_gallery_carousels/posts/cross-section/122-leaf-anatomy-cross-section-with-vascular-bundles-and-stomata/03_feature.png,/Users/kk/Desktop/auto video/figpad_gallery_carousels/posts/cross-section/122-leaf-anatomy-cross-section-with-vascular-bundles-and-stomata/04_feature.png,/Users/kk/Desktop/auto video/figpad_gallery_carousels/posts/cross-section/122-leaf-anatomy-cross-section-with-vascular-bundles-and-stomata/05_cta.png
cross-section-123,Cross-Sections & Layers,"Human Skin Cross-section With Epidermis, Dermis, And Appendages",https://figpad.ai/scientific-visualization/human-skin-cross-section-3d-cutaway-variant-2,Scientific figure prompt you can reuse. FigPad helps turn scientific ideas into editable figures with SVG/PPTX export. Comment 'prompt' if you want the link and exact prompt.,/Users/kk/Desktop/auto video/figpad_gallery_carousels/posts/cross-section/123-human-skin-cross-section-with-epidermis-dermis-and-appendages/01_cover.png,/Users/kk/Desktop/auto video/figpad_gallery_carousels/posts/cross-section/123-human-skin-cross-section-with-epidermis-dermis-and-appendages/02_prompt.png,/Users/kk/Desktop/auto video/figpad_gallery_carousels/posts/cross-section/123-human-skin-cross-section-with-epidermis-dermis-and-appendages/03_feature.png,/Users/kk/Desktop/auto video/figpad_gallery_carousels/posts/cross-section/123-human-skin-cross-section-with-epidermis-dermis-and-appendages/04_feature.png,/Users/kk/Desktop/auto video/figpad_gallery_carousels/posts/cross-section/123-human-skin-cross-section-with-epidermis-dermis-and-appendages/05_cta.png
cross-section-124,Cross-Sections & Layers,Perovskite-silicon Tandem Solar Cell Layered Stack,https://figpad.ai/scientific-visualization/perovskite-silicon-tandem-solar-watercolor-texture-ink-line-variant-2,Scientific figure prompt you can reuse. FigPad helps turn scientific ideas into editable figures with SVG/PPTX export. Comment 'prompt' if you want the link and exact prompt.,/Users/kk/Desktop/auto video/figpad_gallery_carousels/posts/cross-section/124-perovskite-silicon-tandem-solar-cell-layered-stack/01_cover.png,/Users/kk/Desktop/auto video/figpad_gallery_carousels/posts/cross-section/124-perovskite-silicon-tandem-solar-cell-layered-stack/02_prompt.png,/Users/kk/Desktop/auto video/figpad_gallery_carousels/posts/cross-section/124-perovskite-silicon-tandem-solar-cell-layered-stack/03_feature.png,/Users/kk/Desktop/auto video/figpad_gallery_carousels/posts/cross-section/124-perovskite-silicon-tandem-solar-cell-layered-stack/04_feature.png,/Users/kk/Desktop/auto video/figpad_gallery_carousels/posts/cross-section/124-perovskite-silicon-tandem-solar-cell-layered-stack/05_cta.png
cross-section-125,Cross-Sections & Layers,Earth Interior With Mantle Convection And Core Boundaries,https://figpad.ai/scientific-visualization/earth-interior-mantle-convection-botanical-field-guide-variant-2,Scientific figure prompt you can reuse. FigPad helps turn scientific ideas into editable figures with SVG/PPTX export. Comment 'prompt' if you want the link and exact prompt.,/Users/kk/Desktop/auto video/figpad_gallery_carousels/posts/cross-section/125-earth-interior-with-mantle-convection-and-core-boundaries/01_cover.png,/Users/kk/Desktop/auto video/figpad_gallery_carousels/posts/cross-section/125-earth-interior-with-mantle-convection-and-core-boundaries/02_prompt.png,/Users/kk/Desktop/auto video/figpad_gallery_carousels/posts/cross-section/125-earth-interior-with-mantle-convection-and-core-boundaries/03_feature.png,/Users/kk/Desktop/auto video/figpad_gallery_carousels/posts/cross-section/125-earth-interior-with-mantle-convection-and-core-boundaries/04_feature.png,/Users/kk/Desktop/auto video/figpad_gallery_carousels/posts/cross-section/125-earth-interior-with-mantle-convection-and-core-boundaries/05_cta.png
cross-section-126,Cross-Sections & Layers,Leaf Anatomy Cross-section With Vascular Bundles And Stomata,https://figpad.ai/scientific-visualization/leaf-anatomy-cross-section-clean-vector-variant-2,Scientific figure prompt you can reuse. FigPad helps turn scientific ideas into editable figures with SVG/PPTX export. Comment 'prompt' if you want the link and exact prompt.,/Users/kk/Desktop/auto video/figpad_gallery_carousels/posts/cross-section/126-leaf-anatomy-cross-section-with-vascular-bundles-and-stomata/01_cover.png,/Users/kk/Desktop/auto video/figpad_gallery_carousels/posts/cross-section/126-leaf-anatomy-cross-section-with-vascular-bundles-and-stomata/02_prompt.png,/Users/kk/Desktop/auto video/figpad_gallery_carousels/posts/cross-section/126-leaf-anatomy-cross-section-with-vascular-bundles-and-stomata/03_feature.png,/Users/kk/Desktop/auto video/figpad_gallery_carousels/posts/cross-section/126-leaf-anatomy-cross-section-with-vascular-bundles-and-stomata/04_feature.png,/Users/kk/Desktop/auto video/figpad_gallery_carousels/posts/cross-section/126-leaf-anatomy-cross-section-with-vascular-bundles-and-stomata/05_cta.png
cross-section-127,Cross-Sections & Layers,Retina Layered Organization From Photoreceptors To Ganglion Cells,https://figpad.ai/scientific-visualization/retina-layered-organization-from-3d-cutaway-variant-2,Scientific figure prompt you can reuse. FigPad helps turn scientific ideas into editable figures with SVG/PPTX export. Comment 'prompt' if you want the link and exact prompt.,/Users/kk/Desktop/auto video/figpad_gallery_carousels/posts/cross-section/127-retina-layered-organization-from-photoreceptors-to-ganglion-cells/01_cover.png,/Users/kk/Desktop/auto video/figpad_gallery_carousels/posts/cross-section/127-retina-layered-organization-from-photoreceptors-to-ganglion-cells/02_prompt.png,/Users/kk/Desktop/auto video/figpad_gallery_carousels/posts/cross-section/127-retina-layered-organization-from-photoreceptors-to-ganglion-cells/03_feature.png,/Users/kk/Desktop/auto video/figpad_gallery_carousels/posts/cross-section/127-retina-layered-organization-from-photoreceptors-to-ganglion-cells/04_feature.png,/Users/kk/Desktop/auto video/figpad_gallery_carousels/posts/cross-section/127-retina-layered-organization-from-photoreceptors-to-ganglion-cells/05_cta.png
ecology-diagram-128,Environments & Ecologies,"Global Carbon Cycle With Atmospheric, Oceanic, And Terrestrial Fluxes",https://figpad.ai/scientific-visualization/global-carbon-cycle-atmospheric-watercolor-texture-ink-line,Scientific figure prompt you can reuse. FigPad helps turn scientific ideas into editable figures with SVG/PPTX export. Comment 'prompt' if you want the link and exact prompt.,/Users/kk/Desktop/auto video/figpad_gallery_carousels/posts/ecology-diagram/128-global-carbon-cycle-with-atmospheric-oceanic-and-terrestrial-fluxes/01_cover.png,/Users/kk/Desktop/auto video/figpad_gallery_carousels/posts/ecology-diagram/128-global-carbon-cycle-with-atmospheric-oceanic-and-terrestrial-fluxes/02_prompt.png,/Users/kk/Desktop/auto video/figpad_gallery_carousels/posts/ecology-diagram/128-global-carbon-cycle-with-atmospheric-oceanic-and-terrestrial-fluxes/03_feature.png,/Users/kk/Desktop/auto video/figpad_gallery_carousels/posts/ecology-diagram/128-global-carbon-cycle-with-atmospheric-oceanic-and-terrestrial-fluxes/04_feature.png,/Users/kk/Desktop/auto video/figpad_gallery_carousels/posts/ecology-diagram/128-global-carbon-cycle-with-atmospheric-oceanic-and-terrestrial-fluxes/05_cta.png
ecology-diagram-129,Environments & Ecologies,Coral Reef Ecosystem Interactions Under Bleaching Stress,https://figpad.ai/scientific-visualization/coral-reef-ecosystem-interactions-botanical-field-guide,Scientific figure prompt you can reuse. FigPad helps turn scientific ideas into editable figures with SVG/PPTX export. Comment 'prompt' if you want the link and exact prompt.,/Users/kk/Desktop/auto video/figpad_gallery_carousels/posts/ecology-diagram/129-coral-reef-ecosystem-interactions-under-bleaching-stress/01_cover.png,/Users/kk/Desktop/auto video/figpad_gallery_carousels/posts/ecology-diagram/129-coral-reef-ecosystem-interactions-under-bleaching-stress/02_prompt.png,/Users/kk/Desktop/auto video/figpad_gallery_carousels/posts/ecology-diagram/129-coral-reef-ecosystem-interactions-under-bleaching-stress/03_feature.png,/Users/kk/Desktop/auto video/figpad_gallery_carousels/posts/ecology-diagram/129-coral-reef-ecosystem-interactions-under-bleaching-stress/04_feature.png,/Users/kk/Desktop/auto video/figpad_gallery_carousels/posts/ecology-diagram/129-coral-reef-ecosystem-interactions-under-bleaching-stress/05_cta.png
ecology-diagram-130,Environments & Ecologies,Urban Heat Island Cross-section With Mitigation Interventions,https://figpad.ai/scientific-visualization/urban-heat-island-cross-soft-biomedical,Scientific figure prompt you can reuse. FigPad helps turn scientific ideas into editable figures with SVG/PPTX export. Comment 'prompt' if you want the link and exact prompt.,/Users/kk/Desktop/auto video/figpad_gallery_carousels/posts/ecology-diagram/130-urban-heat-island-cross-section-with-mitigation-interventions/01_cover.png,/Users/kk/Desktop/auto video/figpad_gallery_carousels/posts/ecology-diagram/130-urban-heat-island-cross-section-with-mitigation-interventions/02_prompt.png,/Users/kk/Desktop/auto video/figpad_gallery_carousels/posts/ecology-diagram/130-urban-heat-island-cross-section-with-mitigation-interventions/03_feature.png,/Users/kk/Desktop/auto video/figpad_gallery_carousels/posts/ecology-diagram/130-urban-heat-island-cross-section-with-mitigation-interventions/04_feature.png,/Users/kk/Desktop/auto video/figpad_gallery_carousels/posts/ecology-diagram/130-urban-heat-island-cross-section-with-mitigation-interventions/05_cta.png
ecology-diagram-131,Environments & Ecologies,Wetland Nutrient Cycling With Hydrology And Microbial Processes,https://figpad.ai/scientific-visualization/wetland-nutrient-cycling-hydrology-journal-cover-cinematic,Scientific figure prompt you can reuse. FigPad helps turn scientific ideas into editable figures with SVG/PPTX export. Comment 'prompt' if you want the link and exact prompt.,/Users/kk/Desktop/auto video/figpad_gallery_carousels/posts/ecology-diagram/131-wetland-nutrient-cycling-with-hydrology-and-microbial-processes/01_cover.png,/Users/kk/Desktop/auto video/figpad_gallery_carousels/posts/ecology-diagram/131-wetland-nutrient-cycling-with-hydrology-and-microbial-processes/02_prompt.png,/Users/kk/Desktop/auto video/figpad_gallery_carousels/posts/ecology-diagram/131-wetland-nutrient-cycling-with-hydrology-and-microbial-processes/03_feature.png,/Users/kk/Desktop/auto video/figpad_gallery_carousels/posts/ecology-diagram/131-wetland-nutrient-cycling-with-hydrology-and-microbial-processes/04_feature.png,/Users/kk/Desktop/auto video/figpad_gallery_carousels/posts/ecology-diagram/131-wetland-nutrient-cycling-with-hydrology-and-microbial-processes/05_cta.png
ecology-diagram-132,Environments & Ecologies,Arctic Tundra Ecology With Permafrost And Trophic Network,https://figpad.ai/scientific-visualization/arctic-tundra-ecology-permafrost-watercolor-texture-ink-line,Scientific figure prompt you can reuse. FigPad helps turn scientific ideas into editable figures with SVG/PPTX export. Comment 'prompt' if you want the link and exact prompt.,/Users/kk/Desktop/auto video/figpad_gallery_carousels/posts/ecology-diagram/132-arctic-tundra-ecology-with-permafrost-and-trophic-network/01_cover.png,/Users/kk/Desktop/auto video/figpad_gallery_carousels/posts/ecology-diagram/132-arctic-tundra-ecology-with-permafrost-and-trophic-network/02_prompt.png,/Users/kk/Desktop/auto video/figpad_gallery_carousels/posts/ecology-diagram/132-arctic-tundra-ecology-with-permafrost-and-trophic-network/03_feature.png,/Users/kk/Desktop/auto video/figpad_gallery_carousels/posts/ecology-diagram/132-arctic-tundra-ecology-with-permafrost-and-trophic-network/04_feature.png,/Users/kk/Desktop/auto video/figpad_gallery_carousels/posts/ecology-diagram/132-arctic-tundra-ecology-with-permafrost-and-trophic-network/05_cta.png
ecology-diagram-133,Environments & Ecologies,Marine Food Web Across Trophic Levels And Energy Flow,https://figpad.ai/scientific-visualization/marine-food-web-across,Scientific figure prompt you can reuse. FigPad helps turn scientific ideas into editable figures with SVG/PPTX export. Comment 'prompt' if you want the link and exact prompt.,/Users/kk/Desktop/auto video/figpad_gallery_carousels/posts/ecology-diagram/133-marine-food-web-across-trophic-levels-and-energy-flow/01_cover.png,/Users/kk/Desktop/auto video/figpad_gallery_carousels/posts/ecology-diagram/133-marine-food-web-across-trophic-levels-and-energy-flow/02_prompt.png,/Users/kk/Desktop/auto video/figpad_gallery_carousels/posts/ecology-diagram/133-marine-food-web-across-trophic-levels-and-energy-flow/03_feature.png,/Users/kk/Desktop/auto video/figpad_gallery_carousels/posts/ecology-diagram/133-marine-food-web-across-trophic-levels-and-energy-flow/04_feature.png,/Users/kk/Desktop/auto video/figpad_gallery_carousels/posts/ecology-diagram/133-marine-food-web-across-trophic-levels-and-energy-flow/05_cta.png
ecology-diagram-134,Environments & Ecologies,"Global Carbon Cycle With Atmospheric, Oceanic, And Terrestrial Fluxes",https://figpad.ai/scientific-visualization/global-carbon-cycle-atmospheric-soft-biomedical,Scientific figure prompt you can reuse. FigPad helps turn scientific ideas into editable figures with SVG/PPTX export. Comment 'prompt' if you want the link and exact prompt.,/Users/kk/Desktop/auto video/figpad_gallery_carousels/posts/ecology-diagram/134-global-carbon-cycle-with-atmospheric-oceanic-and-terrestrial-fluxes/01_cover.png,/Users/kk/Desktop/auto video/figpad_gallery_carousels/posts/ecology-diagram/134-global-carbon-cycle-with-atmospheric-oceanic-and-terrestrial-fluxes/02_prompt.png,/Users/kk/Desktop/auto video/figpad_gallery_carousels/posts/ecology-diagram/134-global-carbon-cycle-with-atmospheric-oceanic-and-terrestrial-fluxes/03_feature.png,/Users/kk/Desktop/auto video/figpad_gallery_carousels/posts/ecology-diagram/134-global-carbon-cycle-with-atmospheric-oceanic-and-terrestrial-fluxes/04_feature.png,/Users/kk/Desktop/auto video/figpad_gallery_carousels/posts/ecology-diagram/134-global-carbon-cycle-with-atmospheric-oceanic-and-terrestrial-fluxes/05_cta.png
ecology-diagram-135,Environments & Ecologies,Coral Reef Ecosystem Interactions Under Bleaching Stress,https://figpad.ai/scientific-visualization/coral-reef-ecosystem-interactions-journal-cover-cinematic,Scientific figure prompt you can reuse. FigPad helps turn scientific ideas into editable figures with SVG/PPTX export. Comment 'prompt' if you want the link and exact prompt.,/Users/kk/Desktop/auto video/figpad_gallery_carousels/posts/ecology-diagram/135-coral-reef-ecosystem-interactions-under-bleaching-stress/01_cover.png,/Users/kk/Desktop/auto video/figpad_gallery_carousels/posts/ecology-diagram/135-coral-reef-ecosystem-interactions-under-bleaching-stress/02_prompt.png,/Users/kk/Desktop/auto video/figpad_gallery_carousels/posts/ecology-diagram/135-coral-reef-ecosystem-interactions-under-bleaching-stress/03_feature.png,/Users/kk/Desktop/auto video/figpad_gallery_carousels/posts/ecology-diagram/135-coral-reef-ecosystem-interactions-under-bleaching-stress/04_feature.png,/Users/kk/Desktop/auto video/figpad_gallery_carousels/posts/ecology-diagram/135-coral-reef-ecosystem-interactions-under-bleaching-stress/05_cta.png
ecology-diagram-136,Environments & Ecologies,Urban Heat Island Cross-section With Mitigation Interventions,https://figpad.ai/scientific-visualization/urban-heat-island-cross-watercolor-texture-ink-line,Scientific figure prompt you can reuse. FigPad helps turn scientific ideas into editable figures with SVG/PPTX export. Comment 'prompt' if you want the link and exact prompt.,/Users/kk/Desktop/auto video/figpad_gallery_carousels/posts/ecology-diagram/136-urban-heat-island-cross-section-with-mitigation-interventions/01_cover.png,/Users/kk/Desktop/auto video/figpad_gallery_carousels/posts/ecology-diagram/136-urban-heat-island-cross-section-with-mitigation-interventions/02_prompt.png,/Users/kk/Desktop/auto video/figpad_gallery_carousels/posts/ecology-diagram/136-urban-heat-island-cross-section-with-mitigation-interventions/03_feature.png,/Users/kk/Desktop/auto video/figpad_gallery_carousels/posts/ecology-diagram/136-urban-heat-island-cross-section-with-mitigation-interventions/04_feature.png,/Users/kk/Desktop/auto video/figpad_gallery_carousels/posts/ecology-diagram/136-urban-heat-island-cross-section-with-mitigation-interventions/05_cta.png
ecology-diagram-137,Environments & Ecologies,Wetland Nutrient Cycling With Hydrology And Microbial Processes,https://figpad.ai/scientific-visualization/wetland-nutrient-cycling-hydrology-botanical-field-guide,Scientific figure prompt you can reuse. FigPad helps turn scientific ideas into editable figures with SVG/PPTX export. Comment 'prompt' if you want the link and exact prompt.,/Users/kk/Desktop/auto video/figpad_gallery_carousels/posts/ecology-diagram/137-wetland-nutrient-cycling-with-hydrology-and-microbial-processes/01_cover.png,/Users/kk/Desktop/auto video/figpad_gallery_carousels/posts/ecology-diagram/137-wetland-nutrient-cycling-with-hydrology-and-microbial-processes/02_prompt.png,/Users/kk/Desktop/auto video/figpad_gallery_carousels/posts/ecology-diagram/137-wetland-nutrient-cycling-with-hydrology-and-microbial-processes/03_feature.png,/Users/kk/Desktop/auto video/figpad_gallery_carousels/posts/ecology-diagram/137-wetland-nutrient-cycling-with-hydrology-and-microbial-processes/04_feature.png,/Users/kk/Desktop/auto video/figpad_gallery_carousels/posts/ecology-diagram/137-wetland-nutrient-cycling-with-hydrology-and-microbial-processes/05_cta.png
ecology-diagram-138,Environments & Ecologies,"Global Carbon Cycle With Atmospheric, Oceanic, And Terrestrial Fluxes",https://figpad.ai/scientific-visualization/global-carbon-cycle-atmospheric-watercolor-texture-ink-line-variant-2,Scientific figure prompt you can reuse. FigPad helps turn scientific ideas into editable figures with SVG/PPTX export. Comment 'prompt' if you want the link and exact prompt.,/Users/kk/Desktop/auto video/figpad_gallery_carousels/posts/ecology-diagram/138-global-carbon-cycle-with-atmospheric-oceanic-and-terrestrial-fluxes/01_cover.png,/Users/kk/Desktop/auto video/figpad_gallery_carousels/posts/ecology-diagram/138-global-carbon-cycle-with-atmospheric-oceanic-and-terrestrial-fluxes/02_prompt.png,/Users/kk/Desktop/auto video/figpad_gallery_carousels/posts/ecology-diagram/138-global-carbon-cycle-with-atmospheric-oceanic-and-terrestrial-fluxes/03_feature.png,/Users/kk/Desktop/auto video/figpad_gallery_carousels/posts/ecology-diagram/138-global-carbon-cycle-with-atmospheric-oceanic-and-terrestrial-fluxes/04_feature.png,/Users/kk/Desktop/auto video/figpad_gallery_carousels/posts/ecology-diagram/138-global-carbon-cycle-with-atmospheric-oceanic-and-terrestrial-fluxes/05_cta.png
ecology-diagram-139,Environments & Ecologies,Coral Reef Ecosystem Interactions Under Bleaching Stress,https://figpad.ai/scientific-visualization/coral-reef-ecosystem-interactions-botanical-field-guide-variant-2,Scientific figure prompt you can reuse. FigPad helps turn scientific ideas into editable figures with SVG/PPTX export. Comment 'prompt' if you want the link and exact prompt.,/Users/kk/Desktop/auto video/figpad_gallery_carousels/posts/ecology-diagram/139-coral-reef-ecosystem-interactions-under-bleaching-stress/01_cover.png,/Users/kk/Desktop/auto video/figpad_gallery_carousels/posts/ecology-diagram/139-coral-reef-ecosystem-interactions-under-bleaching-stress/02_prompt.png,/Users/kk/Desktop/auto video/figpad_gallery_carousels/posts/ecology-diagram/139-coral-reef-ecosystem-interactions-under-bleaching-stress/03_feature.png,/Users/kk/Desktop/auto video/figpad_gallery_carousels/posts/ecology-diagram/139-coral-reef-ecosystem-interactions-under-bleaching-stress/04_feature.png,/Users/kk/Desktop/auto video/figpad_gallery_carousels/posts/ecology-diagram/139-coral-reef-ecosystem-interactions-under-bleaching-stress/05_cta.png
ecology-diagram-140,Environments & Ecologies,Urban Heat Island Cross-section With Mitigation Interventions,https://figpad.ai/scientific-visualization/urban-heat-island-cross-soft-biomedical-variant-2,Scientific figure prompt you can reuse. FigPad helps turn scientific ideas into editable figures with SVG/PPTX export. Comment 'prompt' if you want the link and exact prompt.,/Users/kk/Desktop/auto video/figpad_gallery_carousels/posts/ecology-diagram/140-urban-heat-island-cross-section-with-mitigation-interventions/01_cover.png,/Users/kk/Desktop/auto video/figpad_gallery_carousels/posts/ecology-diagram/140-urban-heat-island-cross-section-with-mitigation-interventions/02_prompt.png,/Users/kk/Desktop/auto video/figpad_gallery_carousels/posts/ecology-diagram/140-urban-heat-island-cross-section-with-mitigation-interventions/03_feature.png,/Users/kk/Desktop/auto video/figpad_gallery_carousels/posts/ecology-diagram/140-urban-heat-island-cross-section-with-mitigation-interventions/04_feature.png,/Users/kk/Desktop/auto video/figpad_gallery_carousels/posts/ecology-diagram/140-urban-heat-island-cross-section-with-mitigation-interventions/05_cta.png
ecology-diagram-141,Environments & Ecologies,Wetland Nutrient Cycling With Hydrology And Microbial Processes,https://figpad.ai/scientific-visualization/wetland-nutrient-cycling-hydrology-journal-cover-cinematic-variant-2,Scientific figure prompt you can reuse. FigPad helps turn scientific ideas into editable figures with SVG/PPTX export. Comment 'prompt' if you want the link and exact prompt.,/Users/kk/Desktop/auto video/figpad_gallery_carousels/posts/ecology-diagram/141-wetland-nutrient-cycling-with-hydrology-and-microbial-processes/01_cover.png,/Users/kk/Desktop/auto video/figpad_gallery_carousels/posts/ecology-diagram/141-wetland-nutrient-cycling-with-hydrology-and-microbial-processes/02_prompt.png,/Users/kk/Desktop/auto video/figpad_gallery_carousels/posts/ecology-diagram/141-wetland-nutrient-cycling-with-hydrology-and-microbial-processes/03_feature.png,/Users/kk/Desktop/auto video/figpad_gallery_carousels/posts/ecology-diagram/141-wetland-nutrient-cycling-with-hydrology-and-microbial-processes/04_feature.png,/Users/kk/Desktop/auto video/figpad_gallery_carousels/posts/ecology-diagram/141-wetland-nutrient-cycling-with-hydrology-and-microbial-processes/05_cta.png
ecology-diagram-142,Environments & Ecologies,Arctic Tundra Ecology With Permafrost And Trophic Network,https://figpad.ai/scientific-visualization/arctic-tundra-ecology-permafrost-watercolor-texture-ink-line-variant-2,Scientific figure prompt you can reuse. FigPad helps turn scientific ideas into editable figures with SVG/PPTX export. Comment 'prompt' if you want the link and exact prompt.,/Users/kk/Desktop/auto video/figpad_gallery_carousels/posts/ecology-diagram/142-arctic-tundra-ecology-with-permafrost-and-trophic-network/01_cover.png,/Users/kk/Desktop/auto video/figpad_gallery_carousels/posts/ecology-diagram/142-arctic-tundra-ecology-with-permafrost-and-trophic-network/02_prompt.png,/Users/kk/Desktop/auto video/figpad_gallery_carousels/posts/ecology-diagram/142-arctic-tundra-ecology-with-permafrost-and-trophic-network/03_feature.png,/Users/kk/Desktop/auto video/figpad_gallery_carousels/posts/ecology-diagram/142-arctic-tundra-ecology-with-permafrost-and-trophic-network/04_feature.png,/Users/kk/Desktop/auto video/figpad_gallery_carousels/posts/ecology-diagram/142-arctic-tundra-ecology-with-permafrost-and-trophic-network/05_cta.png
